date,headline,url,source,topic
2026-05-20,"VITL Investor Alert: Vital Farms, Inc. Securities Fraud Lawsuit - Investors With Losses May Seek to Lead the Class Action After Company Allegedly Filed Inadequate Disclosures: Levi & Korsinsky - PR Newswire",https://news.google.com/rss/articles/CBMi4AJBVV95cUxOMDBnQzdrTHhIUFV4S3JXdFlHbzdWajJhNUF0eTRnUUtEN3lrb3VWNDNHRXk4V2xfa1ROcDZpQ18yejAyOXlGUVR4ODJwZGpOSVFTeTZUeXlZRHRiTnFjNTdGX0VUZ29DdDNWNjJRbGV0NmR6TVJFSVcwTlc4MHpwaGIydFpqT2l2TV9RU1dlaWZhQkxxRmhlb0FtM1h0bUpfclFxdUdmaVZFWVpoSTJnbkhaNjAwTDhpV0pJeHRLM1NVM21nVlV1eWpKTzAyTzN3dk1BeU8zNjBWSXBITW5Sb1ctN0dCYktKQkVVaWw2dVl1TWgwZTUtb2dULTFROFFfSTc2d0VqNmNXQkFfeWMyY0E3R3pJTGRDdTB4V0Y0VUtjczgzVFJualNTLUI3bTVKZjlUejFVcjlTVG1wZTFOWDBmS05udHBxbXpTMHNCeGFwSjg4QzhIN256cVhHbVBl?oc=5,google.news,erp_lawsuit
2026-05-20,Insiders Load Up on Vital Farms Stock in a Fresh Wave of Buying - TipRanks,https://news.google.com/rss/articles/CBMiygFBVV95cUxQQ1phS0U4TzUyRXdVbzVQcDY3d1hETXpMdXFKV0p1WEM1T2loZnEwQklYd2tyQ3pzRTRXRTZsaVA2dnBPRnNDd2hWaWxGY2ktWHNxNWVmd21pMDNmQzJYZXBFTUFQdTNaTktUUWR2V3o1d2lsVUJ4SEJkVy1PSHdTcFp3c2hOcTZFVzJyYWtINHNpVWNHQmxLUGpBS0pMd2M4ODk2VmtIM3YzRFVlaGMxVEJILUJsWTk1VlIwRlZiS1JuRWhQQUVwcnZn?oc=5,google.news,other
2026-05-20,Italy launches pilot vaccination programme against avian influenza - Poultry World,https://news.google.com/rss/articles/CBMivAFBVV95cUxNOXZHYkFfUG95ODhtbGRCWVVVNzRpY3VXSUhGRENoaUxvSWVjOVN2dmdUQmxpaXFjajJ2NTVXazdxMDNCWjQ3dmtxcVUtckNSWDl5eHJmVW9rUjlNa1hMNVNwSmtRUUZfUlYxd1hzMDV0bnpBNEprMFZMS1BrcmhncmF1OVhsODBGdmtZTldkQXhENWswVnk4ZTlvb0NnM3VtVmx3VUZhdlJhUFd5ZThCUG5qaS1UbGFPMnczOA?oc=5,google.news,launch
2026-05-20,Italy Launches HPAI Vaccination Pilot - PoultryMed,https://news.google.com/rss/articles/CBMiWEFVX3lxTE1SNlYxckMyaTV0V0pNYm9hcUJXd012WS1hdjlnTUxFQ1BiWkNkM3BNM1RxZno4dFFMZV9UQmpIWDZULVRJc09iejRVLTBDREZWbkdFZ1VFc0E?oc=5,google.news,supply
2026-05-20,Norway Veterinary Institute Reports HPAI H5N5 In Polar Bears on Svalbard Island - Avian Flu Diary,https://news.google.com/rss/articles/CBMihgFBVV95cUxQZEJUNVR6OXBlMEIzSlZ2a0pCY29vMjJSZmdxMUZPQlpZdktHNjc1dEVLZ2hYeTVpbTVldW84X3l2b2JfMzVKUURlYUNxaXJKZWN5ZllxMUtVNnFQYVhkY19EM2hidkE0dVlFZkxBWjRDdWRuUUpqZ01NVy1XME1RYnMydEhOZw?oc=5,google.news,supply
2026-05-19,"Vital Farms director buys 6,151 shares in open market | VITL Insider Trading - Stock Titan",https://news.google.com/rss/articles/CBMirgFBVV95cUxONnRTOElhX1ZhUWxpV2IzU3ktZW9uNlBmd09zLXV6emNZYkZOOHAxVFItUHRsMi12OHhGYnowd25FdXhOWjFGajhKOU95YWNEc21HRTdDbl9mOWd0clo3aTVyM0YtaG8yUWh4ZjA2Tjhqd3FIVFg1RU1pR3dTMGo2a2c0NjJhWEFZZGVwelhjcGQ5akhqLWtyQTlnd2ZPY2R4OVRWdGludXI2TnJqUXc?oc=5,google.news,financial
2026-05-19,Vital Farms (VITL) CLO Joanne Bal acquires 500 ESPP shares at $7.21 - Stock Titan,https://news.google.com/rss/articles/CBMirgFBVV95cUxNTjA5MXdSa2N2YVBXLW5aZjRES3ZWaU1sT0xmR2dxdjNBN28xSVBEYmFhYUl0X085NzhYdEdrSThEN1hGR1VYby0wcEItd3pxR0pkbkpJQVM4SkhYVlJnaWY0bnlubEZOQjJxSHFOYXZfN1VMcE9HRjVHY1dFbTlsTS1mVHlWLTJkUV9UdHhKbVNCM3NxV0xDeEpSdWJXQVdMajAwRnpXR3BBbW1OTGc?oc=5,google.news,financial
2026-05-19,$VITL stock is up 9% today. Here's what we see in our data. - Quiver Quantitative,https://news.google.com/rss/articles/CBMingFBVV95cUxQSEhkZWIyNHdhb0pIR1RGSFc0a1YwcUlMSWVyVFNKUzVyZlFIclg2M2xQWXdwSTVoV04xSGN3cFJOVGVfWEJSWlVGcF9Pc0ZHaXgtWE9QTFJROFVheFNTejVWWTRuS2hYTmtvNDFaZDBvSHhCbTVpaDBDbFRtWXUyS2dydzN3UWs1SFh6N2Z6WV9xN1g0RUcxYlZrR0tOdw?oc=5,google.news,other
2026-05-19,Europe’s first case of bird flu in a polar bear reported in Norway - The Independent,https://news.google.com/rss/articles/CBMijAFBVV95cUxQR19hUHVWNVZxRjd4VndzSXd1T0tBZ08xMmoxTGxrSzFMTlhjRWgwSzdHbFRUOG8yNnRZUnRndmpWbjk5QlNZZnVad2NFQ2xTNHhhWHpJTEhjcnlYRno4cGpXZzFRckN0MEpWU1VlazlDNmd4bHBrZ0hSMHliWjBJWGF6c1BObXpQNDNZOQ?oc=5,google.news,supply
2026-05-19,"Portnoy Law Firm Announces Class Action on Behalf of Vital Farms, Inc. Investors - GlobeNewswire",https://news.google.com/rss/articles/CBMi5AFBVV95cUxQbk1fcVZNYndObGxqa2c3Q19zRHhaUms4azQtckVHOXV2N3lSa1lEbGxVSDZrZnpPTng3dW9hUE9qS1BMQUpuUmNlZUNfTWFPbXlWMkdKZnNTakc4Ynp1ckI3QkJiWGduZGdXbnFwdjVody1ub04tbnZ1QXg2dFJpLVF6NEZRdnFRTjNwN3NRcWdpZkk1OTZnX2RESUJRdVUza2ZDUWE3dzhtTlJqcUkwc1JxNlA2bzZMdnhXU241VWVINW55Q2dDb0d6Z3BDQXFTMUxQTlVqR3RfN3FncjlHZXg0WnE?oc=5,google.news,erp_lawsuit
2026-05-19,Ex-U.S. Bank exec joins Helport AI board amid AI governance push - Stock Titan,https://news.google.com/rss/articles/CBMivwFBVV95cUxNNUh6SkhXMGRxUEIta2QwX3FUTGd2TU9tajFzcUljRm1lNTZmeHZ0cTdwSDhXd1dUTWdTUU15cjZIS2ZYSm9nc2tpOW5hMllWVGUtWTRKMWhIRzA1RzVOQlVxU1M0NnN6TXpNN3hsTmFHd2QxS0U3OVYyVURYSUdiYmU0T195ZEtReUYyNTZibTY1eWZpMlh4Q2xtbkx1MTd3eG9nVXBCRU1QTlp6VTQtQnVnVFJkOFI2WlMwcUEybw?oc=5,google.news,other
2026-05-19,Insider Buying: Stephanie Coon Acquires Shares of Vital Farms In - GuruFocus,https://news.google.com/rss/articles/CBMirAFBVV95cUxNMlA1X2RfU0tlUTNiaUc3TDZPeF9fMmFtTDJQZW15ajZaZ3VaZ1QxMUFTOEVLcnk2SURNdzlwTndSMklhaFFtQU1hazF1YTNiUDFjd1lQendyMkVoTEp0eEdLYUZmdmV4YVp2U0RQcko4cXl5ZmZTQmVlbUR3bzE0Ql9HNFMySnpWN3JWcDEwUjNHRlFSbE9uamlEcE94azdTaHNfdlRnN3pJcHFq?oc=5,google.news,financial
2026-05-19,"Kofi Owusu Amoo-Gottfried Acquires 2,375 Shares of Vital Farms (NASDAQ:VITL) Stock - MarketBeat",https://news.google.com/rss/articles/CBMizAFBVV95cUxNT09jdlNEdkplNDdWVVBoWlkzOV83dnNPLWJXTXg3XzRsbm8zNVoxLXRtQUp1Y3dCV1FaakpHaDVfU0wxWFBQQWpCR3RJdklDVXFQUnBERWhzWU80ckVhbGlwTWQwc1JlOW1Dck1QWmc3b2ZXd25jeDdJNk1NRWJOSE9VMnlFV1AyMVRtNjhhRjA3bHJBMzVuUjQ0OW9hTVp0TDdLTGs4X1VSMUpKUlZSWEtvbHY0aGZuRE53ZElGaW0wWW51WVdQWWYzcGI?oc=5,google.news,financial
2026-05-19,Researchers Find Mutations Influencing HPAI Vaccine Efficacy - Meatingplace,https://news.google.com/rss/articles/CBMijwFBVV95cUxPUVg0Um9aRmhaNDFJbHN5U2dEMGRSQ3U4WWl3VENmYS0wWlg2N19TVk1jWi1mRS1jUDh0WVJQZ1lfd1FJMGJ2ckg0Nmg3LUppNVljZXlBQWFTSlY3QkR0OE1ZWUNNT29rcU50a19KRTNodzd3YW13SFdKTlNPNTNoYnA3OEs1R25TVFFiWUtMMA?oc=5,google.news,supply
2026-05-19,Vital Farms (VITL) director makes open-market Common Stock purchase - Stock Titan,https://news.google.com/rss/articles/CBMirgFBVV95cUxPaFAtY0RSMlF5U2JmR2t1NFRGcjRJeXVaa1o5aktNZlNtUkhVOHF5bHdoeXU3d1VxMGdFZThtbGhiQS11OFk2LUZzSjcxcnlfMFljRlpWalJkRGxZTy1MSWZPQ0hheGg5WllDeW14NFJ1bUlIcjA4UjV2UU1TNWRmTTVkbEltVFJhdm0zSm5mX0c0QllLVzVfVEtQZVJGMmtMVjFqYWlSWWVFWlVWdWc?oc=5,google.news,other
2026-05-19,Vital Farms (VITL) CEO adds 500 shares through 2020 employee stock purchase plan - Stock Titan,https://news.google.com/rss/articles/CBMirgFBVV95cUxQd09rczBDNHNxNjVsZnNPVjFUMFdhSHM3cm5sdldlbURnQm9rbkZZbUtsRW1GQVZGUXhXTWNWZ1RZZ1F4LXhRWk42U0VrSGJWMF9vN2dWdFdaVUZNZ3lFZm4xT09MeWxTanV0ZTN6V2JRRGM4TmlKSmZQeUVJdUp1czB0ZUU2S1FiazZrbmFva0JSLU9tZFBCWkE3bmgzQlR6M0VweEZjZk1iUGZybFE?oc=5,google.news,financial
2026-05-19,"Vital Farms (VITL) CFO adds 500 ESPP shares, now holding 75,977 - Stock Titan",https://news.google.com/rss/articles/CBMirgFBVV95cUxQWllFQXZCRHYtMU42eWlJdW5Zc0Z4VnVNMnFQT0hlaGxhWlpaV1EwM1dCMEJhaERab0pHSEdNS0RyNFdrSEJDUjUtU2lXTmJqWWVlSGpiZjZaa1p0MVFkN3kweTBfZDhuQzZoTUxaQUt2VDFyQWFDNFgzMEdzenhRLVF0VWtWWkNVYUJIOWgxRlFxbVpHb2RFR1hJdmhBNkdQTEVac094THFiZDdrMWc?oc=5,google.news,financial
2026-05-19,"Stephanie Coon Buys 5,895 Shares of Vital Farms (NASDAQ:VITL) Stock - MarketBeat",https://news.google.com/rss/articles/CBMiuAFBVV95cUxPT1RpcVEzRHNSczZqQzNEXzFVNHVCQ2hJM0RKRkQzQXByYU5SSF9sb25IaUJOTDN1b3BBTVBjc2JiaHF2VXRRbWJ5RTc1dG1yNzdkb3JCSnRteWxGN01PU3dUOUUyczJoblU2LU5JRUw2ZklGeDZGc1RKeWY2MHlMV0ZULUFteERObUFqOEcyVjVBSmVrRGRKd0hYM2JhOGNpMGNmYUJEUlVQU2tUdktVQ2Qzb0poTXM5?oc=5,google.news,financial
2026-05-19,"VITL UPCOMING DEADLINE : The Gross Law Firm Alerts Vital Farms, Inc. Stockholders of Securities Class Action - Contact the Firm - PR Newswire",https://news.google.com/rss/articles/CBMijAJBVV95cUxNTDNheDh5R3ozblF2TTIzRC1Ra0RzUzlRUHg1ZER2dm1zU1V2cURzMFl6Z2ZFc3JmeFhsbXI1Qmc0amZiTzlYdUh0VkJlN2xxRDRuT2VnVGpSZk1NQnVRMTdxeG1WbWpRWTlRWUs5aVpqanAxdEtWaU5QNmJiemVDZFJyeEp4OTh5MnMwYWZMV3NYOTB1NUphXzBLX2doZ0FNeGtnSDNja1NDMERvSU1lQS1wanNROFp1WUdzOWFqTzY5azdkenRhT0kwdWYzakNzRHJmd0g3cktSYXJxM1VFelF3SUNNVDAyV3Q1dV9SM2RXdVEyY0hKNWd0MkdjUkVKNUxNTGVmRHBRZzlp?oc=5,google.news,erp_lawsuit
2026-05-19,Insider buying at Vital Farms (VITL) as CSO adds shares and grant - Stock Titan,https://news.google.com/rss/articles/CBMirgFBVV95cUxOZVYtNXNwaU13U0tsLU55YlFlTXV1cEFpUUJJU21fd2pCTW96N2d4UUVEOWhLdW5oeFRnNFoySDdHRnJpTENWQ3FESnRyY2UwX181SVpENVpSOVkySnF2T21FMlJkQVJWQnhwRXRJbWhlSFM4LUt6QWVhVUF4YzF5SWtrU3NHZm0tbDc3dnBBTFozcFczWEo0WWRqN05SczQwV2VNS1o5NGZNSWIzeEE?oc=5,google.news,financial
2026-05-18,"VITL Deadline: VITL Investors with Losses in Excess of $100K Have Opportunity to Lead Vital Farms, Inc. Securities Fraud Lawsuit Filed by The Rosen Law Firm - PR Newswire",https://news.google.com/rss/articles/CBMisgJBVV95cUxNTnVobVRyeGRxVE1HeXRWWTRwdjU1bXllU2czNjRSVEhodUpmYjJmeE51VVpGR1p5OXVJQ3ptRVpseWxUVGJuU1hTR243Z01pVVgxbWZmekRtWGg0eGF1Sm4xb2k3dERabkx1dXZWSEFTTldPOTl2azlEeTkxNm15Zlg4Q1ZieW9XVHhaLUlxMWpfQzE2VWNsbFRlTDFvQWJYZUEyOVNUNDQ2M2RyNmVSOEFMekJDWV9lQzBxekdNdktzOWZkdzB4ZXN2YTRwWmF0N1l2NGZBUWdPZUxEcUh0aTFvRTU3cjBxSDRYdWZuajZ0SFdhazZlWHRVVjZ1OWVGRE9YU2ZBRkFVTjUtMXZHd2MxXzA0RHM3Q1Y1NmdLSHRUblJTcnZlazVtM1FITzdDS3c?oc=5,google.news,erp_lawsuit
2026-05-18,"Vital farms director Kennedy buys $21,000 in stock By Investing.com - Investing.com UK",https://news.google.com/rss/articles/CBMisgFBVV95cUxQaXpvT0xRZDNLMVJUZnRVS3lINGNUU2RLUy1VRGNiMlN1WlAxcXU5b3dnSmlzX09MRER6UFRNT2Zaa2JxNDdUaHpQRVFpYWJIMEppV2RsOHd3WkQ1M3ZVcnV2a0gwbElJaEtsQnIyNDRNMUIxaVpSSk5qYmpPdktVTDUyWHN2X0pPdFc1S2xuZ1JuNk5XTGtiWFlua2lMbGozQmpjNTl4YlRVa3ByU2NDSTRn?oc=5,google.news,other
2026-05-18,Minnesota sees two more flocks infected by avian flu - WATTPoultry.com,https://news.google.com/rss/articles/CBMi0wFBVV95cUxNVjVFdzFYYk9lekJyWkpXajI0Wl9YRHhrT0pDUmx1WmYtVUZ0VTJmRTN4b3lNT2F0ai0ybkJ4c0F3ZlAyY3VZZmJMcnVuQlBwOHNqRnZhSGlfOE01aTNzRkdmMHNycjNtLWh0SzluOWlmajNfWHJUOFJxeFliUTdYNlA1LTBDZGRMdWRwanl5eDdDYzFTbHMtS19WcHZHRjA3OVVaMVEyeWtrZmJFaUhYYS11V1BKVk1TclRFU21iZmtpMmZLOEI5NktsbnRJS3lvaTdv?oc=5,google.news,supply
2026-05-18,Biosecurity Alert: HPAI Update May 2026 - Morning Ag Clips,https://news.google.com/rss/articles/CBMiekFVX3lxTFBFSV9sTGM2VzBLck9MakxHcVV5TEs1c3Y2bHpTYnd2SDhlYXJSOUU1cVZCZkE2bFMyNmVDY2hhYjhpTDFUbzVtQTkzcXBmNXgzcTVOaldmZ3piXzVvSWpIaW1xS0s4WUQ4WUR4X2xrWi05bE5iMHZZTmRR?oc=5,google.news,supply
2026-05-18,"Vital Farms director Cyr buys $51,120 in common stock - Investing.com India",https://news.google.com/rss/articles/CBMitgFBVV95cUxOQXNRVjZxSS1IRVBteklfWkZNS3cza2s4RnFFYndtSERBMHVwYVhyVVpxQWU1VkxYSHEtY29HQkY5MnlEWmp1YXNfUFJERlUzZ1l3QUQ3Uk14YVhNc256ZXcwZEZqcXZ0QmFOOTBTWTZSOHk4eDZJY2JBU3JicjFyT0NNcDNOU1RTRFJudWVJMEtYVnExZE14OVNPLU1UODkxaUNCUnBLb1F0TjBKNnRwNm9meEZpdw?oc=5,google.news,other
2026-05-18,"VITL Investors Have Opportunity to Lead Vital Farms, Inc. Securities Fraud Lawsuit with the Schall Law Firm - GlobeNewswire",https://news.google.com/rss/articles/CBMiiAJBVV95cUxNU0dLcklXSDZxTFVkbGoxckNPT1UzOVVmZU95R19OTTY4T1lyM0M0cUdMMzNKRGdfcXU2aXNKWFhLQlpNRXdVcXQzRUlhZ3dnVGphX0pQRFRydjl0OFRhYTd1MkNrLTV5T2xfb0tVRS0zQVVyaThNYzIyc0hUNGxoTE1iQUlSSWs4N2xROS00dDcxVmx5Zkh6czFzeDQ2YldGNzdoOHktS1J3YzZuV3NZOUVCcE84VUdMcWh5X1NvV2RkQmRkcmw5VGk5Vng2Rll3b2tKR1NINWw4bmYzMnFzYmUxcXd2MXFYeFl5b19GS29ucjBadE9XOXBJS1hzVjVCNXZ5Nm1EOGQ?oc=5,google.news,erp_lawsuit
2026-05-18,"VITL DEADLINE: ROSEN, LEADING INVESTOR COUNSEL, Encourages Vital Farms, Inc. Investors with ... - Caledonian Record",https://news.google.com/rss/articles/CBMi_gFBVV95cUxOV2NiMVRyZURVck1temFvWHBGWWVJYVo1ekR3UUZ5WWlHblI0X1FEcWE2UEFrRnh4SG92c01JQ0xrMGlyTDR1WWlBWmZ5VDhLbEtQYkgxYjB1UmwwdWp1S1VzamJjdFl1NHNLcldhY2ZrSmF6VHBxSUZ1dVlKN2N0aU5JblF4RGtmYl9tT0FodXJuMHd3LTdsMVVsYnJVRlljRU9RbE4yN21pbjR5aWdhTlhwMWR6SlpsWk80eElvTjVlX1JGWmg2MnhmTnRKNlRHVFZyWHZ2VmYzT21fSHVGYkJpaGZMa3VjMDh1TmtiQWQ5d1V2di14QWlKYkVFdw?oc=5,google.news,other
2026-05-18,"Vital Farms (NASDAQ:VITL) Director Purchases $21,000.00 in Stock - MarketBeat",https://news.google.com/rss/articles/CBMisgFBVV95cUxPbFF1Q0puSEoxQjFwQmJReF9NanNJNVlwc2ZyZlZNclBfS2JjSmV3YUVtY2g0VG01ZFUyTXZBcWV6RUFmbUtMYk9RYmVscGZvQXRCbVJmUnpIUTgwLXhqbHZWZmRZMWxrUjlsSXZCQzl0eFFlejNMQzNPc2ZUei1HUFF2OFRMTnFOU2lhU2ZYa05zbWc4X2VCVW9mbTBjREM1OVRKQ25EUDNxdkxqLUpldmNR?oc=5,google.news,other
2026-05-18,IFA warns of egg shortage on shop shelves - Irish Farmers Journal,https://news.google.com/rss/articles/CBMikgFBVV95cUxQenZDZC1iUEdtUmlNVGk0WmhLY2pGRTRBQS1aM2VJMlNKQm9RVkdVU0FOYlo1NHdXeUsyTFo4bWhmNlZYOXp2Vlp6Y1F3VUhTak0xNEVHRGxqYXlWNEpnQXNwclRaSjR2VXFsN2VFX0VjU3ozYXRuQUw5eUdTbkdpR0daTXF3OXpadVVBS2hxNnZmZw?oc=5,google.news,supply
2026-05-18,"Insider Buying: Vital Farms (NASDAQ:VITL) Insider Buys 3,500 Shares of Stock - MarketBeat",https://news.google.com/rss/articles/CBMiwwFBVV95cUxQX2l3c3EzanZhQ2d3Q0FCRnh3cjdBTHBUMGQ3QjQ5SVJoTWY4ZmVJOFdoS3l3OWxuRGpURnBERWZtYnRjRTVqR3BQeHdENklmSjdib1EwV2YyY01sTXB3UFlmeHNHOElLM2E1S1F6Q0VuNVE1OFBlZzRDRHZHUnFLcWZGMlY1YjJKenBaZzFHeVV2N3BDWi1xRUtZSDdfcEF6M0NOUHBvaWRLYXZ5VGp3Z3BPd3U4X1NmeEM4Q1E4OEJUT2M?oc=5,google.news,financial
2026-05-18,"Vital Farms (VITL) supply chain chief buys 12,484 shares at $8 - Stock Titan",https://news.google.com/rss/articles/CBMirgFBVV95cUxOeV95eDY3bzJ3U3BubjdSLWxpZ3EyUFBlcGxVbmlzSGVUOFdSeFV6TlBXVXJ6UDVUb1pBRjFBWFQzWXEtMFRWWHEwWXVZR2Q2UEtGQ2FBcUFhWVdoa0h0TmNXMWpVUkNFZ050eVVYZ3lteXRRTVN6YmVwRG5EbE9wSFpsTkloOXMtR2ZSRGRFMmJFTmpfT1NwSjBxOGZ0Q0hWMlZ1d2IyYnNsQ3ZoZnc?oc=5,google.news,financial
2026-05-18,"Director at Vital Farms (VITL) buys 2,500 shares of stock - Stock Titan",https://news.google.com/rss/articles/CBMirgFBVV95cUxOS1BrX1c3M0tub21aVjdLVjRBUmxiN255MU5Cc3diN1NFR2ZDTkJ1TjN4SnB6YUJERDhsRHFfcE9NZ1pnUzViNGxwa1AyRXM4TlRyWUdQajBLbUZlUlhTUEFRX0RSRXE3dHZkbW5WSkdjaEhpX2tXMXBwRXVOOEV6dVM5Z0ZVSXFxSVpqLW1KVi0xc2s1MmNmR0taQV9uaEhwY2V5ZjRZbEZUTnY4U2c?oc=5,google.news,financial
2026-05-18,"Director at Vital Farms (VITL) adds 6,000 shares in open market - Stock Titan",https://news.google.com/rss/articles/CBMirgFBVV95cUxQcDdrazZHeDVSZWdkT0VpcFpDRnpGaDZyX1hKOHJ0NHk4TktMMG5SZWR5cGJ0Z1hvcjhHQkZvdEpyWHVJLUhyOTV1RV9OYVc4U0xJNzE5VFh5cng5X1RhTF9GTm8zeGtoS2w2bTY0U0Z3MFFDblg1UksyOUJhSmZlakdMNjlSWnpXQWM1UWNCZlFVTlBTLXdiZzhRS2NrcGF5T3AwNGNLczhvTUtOS3c?oc=5,google.news,financial
2026-05-18,"Vital Farms (NASDAQ:VITL) Insider Purchases $99,872.00 in Stock - MarketBeat",https://news.google.com/rss/articles/CBMisAFBVV95cUxPdXZnSTVkSWFicmxJd0lKM3Z6WGQxd1JWQW9Rclp0MVlyX1NUYVRWMmZNT3dFbm12bUZYaUliUHQzUnQwZnlJMXZtN001MnRzTl9IcFIzc2NmSmQweThJMU5MUkZUQjl2YndydUNzSmhPMGN0SXdGS0hTUzdRenFtbnR4eGd0LWtFbDFDN3VvLVhfN1ZhS3VVT1dSMWh1eV8xU0M1TS15QXowMUhNdFFMSQ?oc=5,google.news,other
2026-05-18,"VITAL FARMS DEADLINE MAY 26th: Bragar Eagel & Squire, P.C. - GlobeNewswire",https://news.google.com/rss/articles/CBMi7AJBVV95cUxNNDRtZlRxTGRtUzY1MmZHQl9GY0dSNW5hd2lRcWs1NmtLOXUwaHg3SVdWcEVrUkJUOGV1b3BGQ1FObVIweTFPSG5QTmtYR2hLamhsZmp0aGpjZDAyaU5hNEc1bDBIdlJielRNbWluUmJXVFRNemVGQWxLMEFkYWNMSW1hV3ZPREVGOEdwNkhYeUUyMUtmRl9rYUVEajBDLVBKODJFUl85bklHZFM1WHJ1Z1REcXpndkwxNGtmbUdzcHBvQTRMRHY5aXk1T3J5REZDcG9JM29qQjNCZ21WQzNFN2RjZGgzVjNpbUZZbmRyb1lvQWlZY2w0Q3FjOFV5dGM2eTBOT2NkSnZMUUtZd0lLRk5aY0YwYU90ZlRCQUd0YnpoTl9aRl9KdGNEZXlNS0JXTUVESjg4Q2xfR1dPN0RLN2hZLUlwaWY3RHBQTFhfZURkS3lMc2NacTdCVTd0UG53NncweVZReG45bzB5?oc=5,google.news,erp_lawsuit
2026-05-17,"Vital Farms, Inc. (NASDAQ:VITL) Receives Average Rating of ""Hold"" from Brokerages - MarketBeat",https://news.google.com/rss/articles/CBMixwFBVV95cUxNYUU3Sml2S0ZGei1yWTdOVUJORlpBYW9Pb0dQdE1jVTQxSTlKTlFMR0JZQnNrNVA2dmZodmt1VG05OWllRUtxTktVM3VUVGtSNTNYNkJkSGM1T2xKOU5pR2w1MFRtRE8yNDFFR21obGhMbk9YQ3Bxc2RDM0VzTTJVbGU3ZF9VVGdjeG9Ucjl1UEhnX1ppb2pENU1wQmhNZkdyZjhnU0w2Sjh1OF9HYWVYaTNVcDNpWjhVSHBRSVN0cFdUTndxUlh3?oc=5,google.news,other
2026-05-16,Understanding Momentum Shifts in (VITL) - Stock Traders Daily,https://news.google.com/rss/articles/CBMiuAFBVV95cUxPdm94TUEwLXllVjhPazdqcDB0Z2hOLWVncE5ENkVOZUpVdGVmSUpEd2UxeWdQLXdUX2l2d2VmYXFxUmItN3d5Y0FUaFJUa1h4eVVmZkR1N3drTWdWellKeUFURU54OF9xY1pYZ2kxZjZzcjhwV3NITEg0X1pTQ2tvSjIxLTByNXBIRi1KY0lwVlhCSTItRFlHWk5oMkRUUE1qY1NRbVp1M0I3bEJpd2NIRlhBb3RBUGp5?oc=5,google.news,other
2026-05-15,Vital Farms (VITL) price target decreased by 44.93% to 15.50 - MSN,https://news.google.com/rss/articles/CBMisAFBVV95cUxPb3RSSnlTSGNQTWg0N1BXTW10WEIyNDhSSzdMNUZsd3ZpUVFuVTlSdlhZc1pzNk9lQ3FIUGNrMGRKbVpLYWFmTVdyaHc0MFIwNWZqWmNhdGpnYlZkaUdhS09fUDEwN0ZWanRBT2RaZmZUOHBqRzJaYTNpLVFrenJlUnN1NG80MG53ZThhWlVoQ0pUSkJRZnhYaTM2WmJpU1AwQ09oSEsxbE9BMkxjdzA5VQ?oc=5,google.news,other
2026-05-15,"Vital Farms (NASDAQ:VITL) Director Denny Marie Post Acquires 3,000 Shares - MarketBeat",https://news.google.com/rss/articles/CBMiwAFBVV95cUxNVnAxZDZwTTYycS0tMGJ4LTBhUl9FSUZKM0xfTXVYSFdLSU02bmNjN21jdnFILVEtU0lSNEtUZ3pXWVNWdmI0RkpXM1pXNG9aaDJwcjQ5anM4YVRoWHlpRm1uaFdnbHRCNV83THdETHBxLTZqUDN5SFNNcUtTN0RmSjY3Ui1zU0I2UW9PdlBSYnozZEhUME0xcVhaNTcyOGlFQm5pSWphZUtZalBNYTlTWU1VZVg0TE9Yc2lMa2xtUlA?oc=5,google.news,financial
2026-05-15,Cat-to-human transmission of highly pathogenic avian influenza virus confirmed - DVM360,https://news.google.com/rss/articles/CBMiqgFBVV95cUxOTGxTN2xMYmRMZFlHQzVGekw4anRuZ3BITjNRV1gtVnVwWGtoZUpNaVBUdmFZajRKeHdYdzNjS2t5TGFrUXR1RGRWb2xDNVlzZFc0LW5JSVM1TmgwVmJ3TV9EX3J3ZmJkeVMyMnhNWF8wbUExVlpXOXk4R1ZudFc2OGRXTVBpMnpHZkFDcTJoSVJTd1ZIT0M1NE0xeExUdHozaWNBYm55dHU5Zw?oc=5,google.news,other
2026-05-15,HPAI testing no longer required for dairy cattle shipments from Indiana - agrinews-pubs.com,https://news.google.com/rss/articles/CBMiwAFBVV95cUxNNEFSemxoQmRBdFZQeWhraFZMc1Utck0yNlljVFFaeHlZTTltVldEaU04eGlJMmlfTW5oRThNeU1Ja0ZHWTdzb3RaUFRTUFJHamhHVzZtRDFCSjVZQkVGcUUxZWhsanBYVC1zUUJLUHdFZTJ0TDc1Y2V6WjNpTmdkbU53TXllaFBRYzVUamNpaE1heVJtNkJ3QUVxNy1FZkhoX3FjNlM4TTZxcU80MmNfTk82NXRMYlUwSjJjM1hJd18?oc=5,google.news,supply
2026-05-15,"Vital Farms, Inc. - Common Stock (NQ: VITL - FinancialContent",https://news.google.com/rss/articles/CBMiuwFBVV95cUxQbVduQi1jdlRCZzdUTUhwbUJJX2VhVDhfNmk4VFlfUjlTZXpsdFlPSlQtRUNaXzFTeldhNUNEZ1VYMU56N1Ezd3dkVXBzZUwxVk02aUlxRS1IazhoREdHc3NyMkw2UUYxNVVFNS0wMW9MVVFneUJzdklHMDg5QzZYTXc0aXV3MlVvT1RKQkcySUtENmNzRjloYW9EVC13WEdWTVhnZ3RENjFqNkYyOTAtT1B0dTd4X0kyQk5z?oc=5,google.news,other
2026-05-14,"VITL INVESTOR NOTICE: Faruqi & Faruqi, LLP Reminds Vital Farms (VITL) Investors of Securities Class Action Deadline on May 26, 2026 - ChartMill",https://news.google.com/rss/articles/CBMijgJBVV95cUxNMk1HcWcxcy03bEk1TmhQNVphQ0FzMXdXd2RLaFJZU2IzV3BmSVF0RjdkSmY0c1kwSnNQREVfdnNvZGRvR3JZZVpLYmpmS2JZbXdlWENJR0hjSHpWUVo0UFhNcHdhemNtUWZiMENYSTEtRzhxSjBPdFhTRTV1R0xTLXFYWTdvLVVkMHZBX2RNY0w1dklBM2JBd2lTYlM5RHI1WDNhUzhqSnFnbS0zU2Eya2tLekNlM1EyY3otenNMdTJBVHVCYnBxLU5pdVpOSURjX0lvU25LeXQ4QmVtdUZuSUVzWEttZjBNM09JbGZCdExUeFQtc0hQUlRsSjVQZ0paUHVpUU1ScHY3YXBqb0E?oc=5,google.news,erp_lawsuit
2026-05-14,Vital Farms Faces Lawsuits As Butter Exit Refocuses Attention On Eggs - Yahoo Finance,https://news.google.com/rss/articles/CBMinwFBVV95cUxNSmN0RGp1VXZWdzRQTzVfTFpHTDNYWUpqMkdWSHRQeWIyS252U2FUdnlZcVVpTF9WaDBwbERGcTNabUtrUmRtUXVENThqZ21uS204SnZpTHJhcnMzS2FIYTF0Zk14a2lUbGM3Z0ZMSkkxTmxBcEczUEk1WGZ3MVFPdWc1VjgyV2FZT3ZHekVKWHdia2hmVUgxc0I3ZTUxMTQ?oc=5,google.news,erp_lawsuit
2026-05-14,"VITL INVESTOR NOTICE: Faruqi & Faruqi, LLP Reminds Vital Farms (VITL) Investors of Securities Class Action Deadline on May 26, 2026 - PR Newswire",https://news.google.com/rss/articles/CBMijgJBVV95cUxQLUZteG5WcWJfajNEZ3VMMWxQYUVodnp0cFFBWThfaUFsNFBLd1RQNzhGT2xPSTdBQzhwWXRYVTBFdUpkV0hqWVluaDA5TVc3MVJpeTZFT3NldnRycl83RmFXNXBMNmpqQ1M4RUQxN3NxRUZtTXM5Sllycl8zckRzUklSRDdaWFpRWlNDRkRGVjBjdVp5MWphZjhOYm5JMzdaMXZJbURHeUFWSy1lWjVkak5JeFljNktfZ2RDTmZtOFE1dC12SldfRUVpcXhScEg0YkktTDhzejNKQnN4M3d5ZHBwMnZDYlhCc0R0cDlOSGtmb0VuOThhWlE1M0ItXzE3NnpmYWhSM3pLYWVyd1E?oc=5,google.news,erp_lawsuit
2026-05-13,"VITL Investor Alert: Vital Farms, Inc. Securities Fraud Lawsuit - Investors With Losses May Seek to Lead the Class Action After Company Allegedly Inflated Revenue Projections: Levi & Korsinsky - PR Newswire",https://news.google.com/rss/articles/CBMi4AJBVV95cUxNVGtnZGt0OVplUU1zQ0lqYzdPaGlEdHB2SHdLUkRDdTJaZmJuYndvaUhHM0FkeU5mV3NyRDMydkYzbUo3aHlVMU13a0czRnZ5TFNlcUJLQjNVSms1Rm1BTTdaTVh5ZVZKUEViZ1pGb1AzZ205aWhURENoekpDeVROb3Q1ODdxM1NmckZrdG14LVB3eEw5RUtOQ2V4VVNRUnlLT1RmTFl6Y2FvT0Vpd1E2YjF5eHpHa3FnYlZXV3dhbm5hTEI2dHRoX092dFdTZFZvN2Q3TlR1NVNIdE9oQTJzbVRlZGN0UTExSE9RaC1vbmdmZ015SFJSNVF1U0d0bVppaXBpSnZIU1UyXzBKandheFd1ZTc2ZXJZOUhVakVxYXAxdm43X2pCVkh1R1dKdVM5ZUc2NFVpTWUwQmVOSjAxRkFEYjRFTG92QWR6VmJMejJwOHJocEF1NXhiMnZPM2ZW?oc=5,google.news,erp_lawsuit
2026-05-13,CDC confirms cat-to-human transmission of avian influenza - American Veterinary Medical Association,https://news.google.com/rss/articles/CBMigwFBVV95cUxNS04zMmhEWVpGYWhDdlYzb3A2QjNpNzlPcmMzUVBXWnQwMlJsYTV0MllUVXJ0TWR6eV84ZC1YNjA2WFhLM05tZGpkM3loWWhyWDNiZDF6WWxMcmlMZGtPWEoxZVZpcElPLXRkMldXUHhZY21lb1NTVmhmeV9zTV9IQmNlYw?oc=5,google.news,other
2026-05-13,Avian influenza hits another Indiana duck flock - WATTPoultry.com,https://news.google.com/rss/articles/CBMizAFBVV95cUxPWFN3aG9zbE9Xbl9iRVFMVVNQT0pNUF9uVEZobThrR1FwM1ZWa2lJOHNzb09pS3FIUmhwQUhVVkpIbU9jMTdueVRqZXJJTFYydWZXZTdmUC1hTGJvT2pJdmt1R2xpRHRFaFVIWG9NNWtPRWhKZnowZ04xYm11Y0lnLWxBbDFlLXRnX0hFZ0hWRTEwSjZlUEJ4S0h3UUNKUkROdzlMMkRnT2U2QVU3RUhSLXlEUHAzUWl6dDMtTTBnWmpra29iNmtTMVRXZFA?oc=5,google.news,supply
2026-05-12,What's Driving the Vital Farms Class Action Lawsuit - Kavout,https://news.google.com/rss/articles/CBMijwFBVV95cUxPUWNyc1RWb0xuQWRtam9zZm5SeDFOZVUzN1RnOERYVlBzSTYwaDhTdDhqandhOU1tcndvQmQxLWQ3M0Rid29MMzUtdDgxRE1MSkJLbjNnNjc3cDRIS3F0TUp1d08teUVNcG5jRmZGT1BrN09QNWJjU2VSY2ozNEVnOEdPcTlOTFh1b3JtNHpNSQ?oc=5,google.news,erp_lawsuit
2026-05-11,"Vital Farms Records Loss in Q1, Gross Profit Declines on Higher Costs - Yahoo Finance",https://news.google.com/rss/articles/CBMilwFBVV95cUxPSF9UMnRBaUJWNlRkdl9zMGlmd2Rhcld4bTU4ZjEzMEY2LWlhSTFfekRPdzFDdHBCT3E3aDI0UVkwdXVCZW1BaktUazNic2ppTmZhcmdpRGZyaHNzV1ZqTWNvMnBHRDN0OW03aXpQR3BRMDdMT2VjMVpadzMza3AwUUlJbUxyTFJHN09qaVRLNXdEMXB6NEtZ?oc=5,google.news,other
2026-05-11,"Man Posts Video Of Lush Green Farm Where ‘Most Expensive’ Vital Farms Eggs Come From. Then He Gets A Reality Check: ‘If A Farm Has 20,000 Hens On It…’ - BroBible",https://news.google.com/rss/articles/CBMieEFVX3lxTE9xSU9VSUFxaEgyTjFMbHRxWUwyZlhyWDFNR1pvcWpDSmM0VmpOcjlQejJ4RG1mZUNvd25XamdYUUF1cVl3eDNoLVJYOXFQLTRwTEdhWDFhRnNyeUdTRWlyTjNwY01DUHdqMDdBbHZoUXJUcXlENjlNcg?oc=5,google.news,other
2026-05-11,HPAI detections decline; vigilance remains key - FarmWeekNow,https://news.google.com/rss/articles/CBMizgFBVV95cUxQaVlRbTRKLU1iZ0RGMHFwdkgtV2laUFViRTFpNjg0VGkyX01XZ2s0blVVTXhPQzFKOHpzYXA5T2RsS2VXaHNWUENabmc5MGZWLVdPZHdWLU13Y05qanNpMGVXeWVYeWltbDZtZWRoX2hrTFhteU9WWFdJeFliTEpwTEdTbjRVbUNoQk4yNWMyb1BDQWNPU0lXR2x4MnBXQmhjaE56bUJwN3h5alF2ajdPOE9HcHhtM1ZjZmdXQ2p4S2YwQ3ZRcVd1X2psVjljQQ?oc=5,google.news,supply
2026-05-09,"Vital Farms (NASDAQ:VITL) Downgraded to ""Strong Sell"" Rating by Wall Street Zen - MarketBeat",https://news.google.com/rss/articles/CBMixwFBVV95cUxQRXlMTE9BQjZDbWNTT29FYS1mcjZNNi1WdEI3X3B1eEk1MllBV1dVSlpqQ3FoRHlWMkstQWlQVk1YNjctbDRTWjlWbmR0LU5mVjV4U29BY1RHdTROR053VFU1V2JmckhIdFN1alExbzAyX3Q1MHkxc2c3M29FQ3pfLUthR093MXh0WGRPbU5McXBRWjloN19ZUHg5MDk3WjNrM1lRbW00OEswVmhOQVpjeXFDNHhJVzM5bDJZUmM0WnhWS0VxNmNv?oc=5,google.news,financial
2026-05-09,Vital Farms Q1 Earnings Call Highlights - Yahoo Finance,https://news.google.com/rss/articles/CBMimAFBVV95cUxQc0lUa2tFamVCbzdibVo3eFllR05EV3VIajlIdUVUX3hlcFpHeUZhX2RSLVFRTlZiZDNCT0oxZHBpSzFhNVl0T2tXQ1pXZlc2T1VTcko1NjV0UGFXM2REUm54SGV3YlJiYk13OHNaVGR4c1dnUzQyQXRMMG4yQW5ub1ZUQWxleWV3Z0Vtak1NQ0hteFdvemtqcw?oc=5,google.news,financial
2026-05-08,Vital Farms Stock Plummets 25% Following Q1 Earnings. Here's Why. - Yahoo Finance,https://news.google.com/rss/articles/CBMimgFBVV95cUxNYkxLMHV5c2dmYXpQZjhweGFRRWNYR0lmcHVGaDAzQzQ1WXI1NHdpNnNJVXBMaDBfMG5qYWJxbE16eVU1TlRVUkdWbDg4OUREcWN1clV1T3JaV19DcE5DSHJUbEgweVBkZ3NraVFKOFZZNXNzRzQyWWZzdkx3ZXhuVzdkbFltSzM1V0hfTDVmVkpiS0hqZy1CUDN3?oc=5,google.news,financial
2026-05-08,"Vital Farms: The Thesis Isn't Broken, But Confidence Certainly Is - Seeking Alpha",https://news.google.com/rss/articles/CBMipgFBVV95cUxNWWxVOFZYbUgxZmpKZWo3c005RGg5Mzd5YWtKTzNxVENCOWx6OVQ2NWZHS0Q2dXpacWZubERGOTZ4VDVnczhHT2p4cUFES3RnUUh3WjlYZTMtaEoyVm45dlFDNW1hNzJEOExNWmZEVEl0SXJTZ0tJcmI1c1pqWjBpLV9pU3huU1BHMWdFLTQwNzMtVjluMVRzQWNyT0RUclM2clp0bVd3?oc=5,google.news,other
2026-05-08,"Van Berkom (NASDAQ: VITL) holds 5.44% of Vital Farms, 2.44M shares - Stock Titan",https://news.google.com/rss/articles/CBMivwFBVV95cUxOTWJueGRYcjBkdVpPWGk1cF9CYm9faEY1bzBSdUQxa1k2SjRLaXRidUxwZjBOX2tTeTliQWUxY3kwdUVLU0RuMl9ETTRYa1VTT19JTVA5b2plTHl2eGg3QV80NlloZFFBci1hQjFESHdhUWhERXJIM3RYQmd6OWl1ak9Yc2YtVnVWeHhMZzB6dkdBVGVySHE0OXBqekpSdjFHd1FZYnBZNTRHVnNBb3hKSXYtRGpTeDMtQWlOemlGVQ?oc=5,google.news,financial
2026-05-07,Vital Farms to exit butter business after Q1 slips to loss - Stock Titan,https://news.google.com/rss/articles/CBMipgFBVV95cUxOTnlTelBfSkRyVlhhd0VacXp1VFFhT0p6WXp2LWJ5VU9vVnBCREtLLUE4U2tRYTNNamRtckpMWmprRndaT280NE16QjVFOUI3d2VWNmhqaDI0Wi1WemtOaEJROXZKa19WQ2N3REpRb1BXS0V2VExtVnk4RDRMNVFNT0RQelRXY3kwU2NVdFpINzJSZ0N1bkhYSmdCbWtJYVVqMktPRHF3?oc=5,google.news,other
2026-05-07,$VITL ($VITL) Releases Q1 2026 Earnings - Quiver Quantitative,https://news.google.com/rss/articles/CBMihwFBVV95cUxQbTNKd1NqU1RScGR1SDRiTm5SWUtJZ19DS2RER3pLNjIyY2lrcmNpYUYwWEd5bzNhTXJQY1dIZm1oa2g0Q3hxcEk3bUZqaTJGNDgzTUhHUmtGdy1aanRyQUZsSFBUd1ZLWi10VnE1djM5YnAyeDNkcU1oTzIyTFVmSTZTeHZRTVk?oc=5,google.news,financial
2026-05-07,"VITL SHAREHOLDER ANNOUNCEMENT: Faruqi & Faruqi, LLP Reminds Vital Farms (VITL) Investors of Securities Class Action Deadline on May 26, 2026 - ChartMill",https://news.google.com/rss/articles/CBMimgJBVV95cUxNYUpHRm1IbGt3dE81SXpUcjRDNUJadUxYcm51cVNQMy12NXRyVHJFeEFYbDdFemJsQWkzQmtwazBheWtrZTVibkNVLTl4S29WUUNmYUl6WUlHOElwU1hRRmh5UDVTQmVjck55ZDY5YlNiZkRwMmZBc3VZcW1OTWxKQWxZcDZ2R1J2ZDdtamxfX2owYXpDY0prNUtlVVlUeHhEeS1Ia2ZHb0s2R2xGT0gxd3FLZ3JqMkZXa3VYTExqbkxsRTVJM1BxWkxlZl81OFp4ZnZpc3BicmxyZUV0VHV2NzlSeHNtcVpjTERQaHpfdUNRdEtFcV9mMmN4bjJuYU5IWnlKUFRzNWNDa2RjZUM4U05EaWE3bjREY1E?oc=5,google.news,erp_lawsuit
2026-05-07,"VITL SHAREHOLDER ANNOUNCEMENT: Faruqi & Faruqi, LLP Reminds Vital Farms (VITL) Investors of Securities Class Action Deadline on May 26, 2026 - Business Wire",https://news.google.com/rss/articles/CBMimgJBVV95cUxOWndGTTVYSWdOTE10NHd6YTBDdWk3dEVzSl9Ja0Q2aHdUNFRlUm52TnJvbTI0Rmx5dFY3YXJ6OXlUYTdoZUhBR3Y4ZUtjTXRmdmNUcTh0MGtWSHRWUjhOdXFjRUxZbkZ5OENJNUc0TnZoX1F4ckEtX3FqVGozSWdXWEc2M3RiUk9PTHAzUTBtSlNXTVA0YlFibTJRaUY5UmtPc1NJaXNERFlacG5hY0dKM2FZSS12bDlIUVJJTndReUJ2Z1p4eFM5RlhVN3pJWlpRNmlsZ2luZEFKNkVTLWc2SDNFYk5jQ3JYaUxRRG5naW43Wk1JVEJVM3VsNDhPSU9kcTNOSFNaOFJVQnMzQm1DeHc3MUFXRV9wSWc?oc=5,google.news,erp_lawsuit
2026-05-07,"Vital Farms (NASDAQ: VITL) posts Q1 loss, plans butter exit and trims 2026 capex - Stock Titan",https://news.google.com/rss/articles/CBMipwFBVV95cUxObi12M3JvQ1pvUnFRYjFOUHRRNDNQVmZNN3R3ZE9MbFItWTVoUER4V2QycHhQd3lCQU9NVmNrUTRvbm5qak8zQ0hiYzRVNVQydVBtZGJWZHlDNWxkZTRzOWoyQ2gyWENmQlRmWk1GVm9uWkR6ZkR6aGFYS2ZHb01OX0lEdGFkdG1tU3lKNEo0cVZfOXZlV2l5bjlrSkowRWV6SEpCc1h6QQ?oc=5,google.news,other
2026-05-07,Vital Farms (NASDAQ:VITL) Posts Better-Than-Expected Sales In Q1 CY2026 But Stock Drops 24.2% - Yahoo Finance,https://news.google.com/rss/articles/CBMimgFBVV95cUxQaEZ3d2pMa09jbVpIYm5HZUxuUVFYWUlYRmxNcDNseDNESHFhRXdFNmZ4VkowWXhJRER3ODNOb2tGWW9ubjQzMXluc2dOeV9oY0lrdDdUcmhnbHhlVjUwNXB5WmwwSzNEWUl2bmJCcFdrb1BEQ1NWcThtVVlwNXFyd3hGOW1iQkp5Y195d29WWU9pREFCSUVzNkNn?oc=5,google.news,other
2026-05-07,"Vital Farms (VITL) Reports Q1 Loss, Tops Revenue Estimates - Yahoo Finance",https://news.google.com/rss/articles/CBMilwFBVV95cUxQR1U0aldUZUNVUTFNX3I3Yk9LbmxfUmI1aTB3Vm91R0ctYlphVWRRY0lUV19YTGNYUmp6NElKdFlPVGE5SnlXaFU4ZjlUc3U2Z2FZMWY1enZ5THU4ZXFFWmsxWDkyU3p6Nll4djBMRUxPOVhsNHdyODNXc1RDZjdPNVh2VG90OV9WLXBEV2wxelRDOWE4blVR?oc=5,google.news,financial
2026-05-07,Vital Farms (NASDAQ:VITL) Reaches New 52-Week Low on Disappointing Earnings - MarketBeat,https://news.google.com/rss/articles/CBMixAFBVV95cUxOSUZWSE1uYzEzRjdIVkVqdU51NlBJUFpad1dWcVR5V2RYSzBtOGVBOHI0eHZvcDhtbXJBTjQ5Z2JZV0JGZlFTVndFd08xVDYyeWIzWlJNVHV2NjZPTUtqdXd0czV4b2VnV3RyVWpkLXRuYU8ySVZTOVRXN1dZNFRRYndTQ0R0QlF6UUlseTVNNjhXVjlEU0N1RjlpU01OamdTVVc1SVVjOFRvb0NrZUktaTBHUEpBNDhpWnJRYnpDYnZHWkZv?oc=5,google.news,financial
2026-05-07,"Vital Farms lowers 2026 outlook, butter exit planned - WATTPoultry.com",https://news.google.com/rss/articles/CBMimwFBVV95cUxQYWRMM2Q1bUZFamlnMUpFUDBtck5TMktUbldKTmRvaDVFVENKbDRpNmp5YWN4c200Z3pVMkRKd0JDT0NhZzRlR2RSWE1idElVUnJweHJuaW9CSGxxYXBzYV9JbDlrdHNoRFFTMHBMNV9CS0JCX3owRzR0cWVvcGt4WG9Zb0xzNE40LUlkZENTb3hfRTctZU5PSmdHVQ?oc=5,google.news,financial
2026-05-07,Vital Farms: Q1 Earnings Snapshot - KTEN,https://news.google.com/rss/articles/CBMipgFBVV95cUxPeENJYkxUN3JCQUJXWWRLdjI4MlJWSzA4NFRYSF9rMFhna29jN0hkNXV6S05Ed2tEcWQxOEc3bUtnNXlpLXE0NnFJTEdZMFlYUUd2c1c0aTYzTlR4Z1FSam5SUWFuM3NJaVRNRHlaZnVOVU5FcTdxX3lHVG1ibkp6bHhnTUlQZnpyZXVWLXVzRjBuTUk3QVNCNmFzdjRZcDhsRXhsM1RB?oc=5,google.news,financial
2026-05-06,Surge in HPAI infections attributed to wild-bird spillover - American Veterinary Medical Association,https://news.google.com/rss/articles/CBMihAFBVV95cUxOMG1fbFZjVnhwRGtteGhJMUNHQk9RRE9oU0xvWFVFVHpNTnZtZk1lRWhuTDNObDZMNU1aTG5scWc2WnRWWFRURFIzbWdwRHl6UTV3OGZra0NTcHl1Q2x3SV8zbkduYVhQUlkxdDQ1SFZvMVhQekRWYnE4TEhCRXdOMG1OMmI?oc=5,google.news,supply
2026-05-04,$VITL stock is down 9% today. Here's what we see in our data. - Quiver Quantitative,https://news.google.com/rss/articles/CBMiogFBVV95cUxPTERKWklKNUtXekM4YU5HUmdNeVRoYlRlaGpMckRVaXFxR2lOSllXRHhlbHpyMVVKNk45NVgwaW9lalJ6dk1EZ05lYlFHcW94UUY1X1g0QUtYRDRFQ3FCR3VDNVBESmU2NnlXVzUwMHI1VjVKQ3llMlJsY2VjajNUTWlCSFZyY3NONHNvS2dFTlB3UmFrV3c2bERlTFItTHhDd1E?oc=5,google.news,other
2026-05-03,"No HPAI vaccine yet, but research continues - Food Business News",https://news.google.com/rss/articles/CBMilAFBVV95cUxNeFQtOFpleFFHSHBWR2FFakd5UGNJLWpCeTg3c1lwZktOSjc4c3ZFUUhOVU82b3RqNklnb1BZWm02WDhneHhKNkQzNHBVMUp2OUUySll5NFJEekticGY2dkFYMnRza2xRY3NTNG1CODF1MmxVc2FrTXdjQjd2R3NabXM3bUVSUmFYN2p0TUtNalpyMlJH?oc=5,google.news,supply
2026-05-02,A Look At Vital Farms (VITL) Valuation As ERP Lawsuits And Brand Efforts Shape Investor Focus - Yahoo Finance,https://news.google.com/rss/articles/CBMinAFBVV95cUxQRUpyY0JwTF9ZX3FRaWhKenFtdnZKRVVmUmVKeFhFYXZyNkRvRTBsRklVQXJuZkJOLVJ6cnVSU1p6ZHNNb2dWWDl6Rm1hX0Nmb2R4WU9QYjhHUTdTSmVlOENlNGRkbXI3RHhFZkdwel9hR29jWlM2YkU2end5RnN0YUw5cHZWMjZKVUpsWHNxNDVlRWNiVnltTGw3dV8?oc=5,google.news,erp_lawsuit
2026-04-30,Can Vital Farms’ (VITL) Roadside Diner Campaign Strengthen Its Brand Moat With Consumers And Farmers? - Yahoo Finance,https://news.google.com/rss/articles/CBMinAFBVV95cUxQcV9rMERxMnU4UmFpQzR3a0wxMWdNRGowMmNid21Cd2Mzb3RYTWNtQkJma2pVaVo5ZEpFTkFKbDRObDV4eEZ6dnJYcUlXZWNmRTRNbWFQd1lwalJPZHR4R09TTXRPODVPNkFrOTgyandUZEhOS3Y4OWVQZlB1LVUtdlAxVXhzbTI4VUpORDlLQU4tZ1E1UDEtZUJoMnM?oc=5,google.news,other
2026-04-30,Analysts Estimate Vital Farms (VITL) to Report a Decline in Earnings: What to Look Out for - Yahoo Finance,https://news.google.com/rss/articles/CBMioAFBVV95cUxNUEJGdmpDNGNZOXluRGl2bzVkTEkyNlUzLTRzUDZEaTY0Y0tqNnh6RXFyQ2puVXo0LTdkVlFMWjFjWWVSejdJYkc4Q21QVkxVRTJiaEZYU3I2LUxBM0hsZFZ4ZVpwVU51VnVBbmFQWmFuUnN6Zl9hWUpFcV9MWklhUUhOaHU0aThxVjhaRTJfbEloWUI4blRSeVc0OXhsNzRH?oc=5,google.news,financial
2026-04-30,AVMA Board updates raw milk policy to include HPAI - American Veterinary Medical Association,https://news.google.com/rss/articles/CBMifkFVX3lxTE1jOVpJOWMzRmdWMkE0UHRjQ1p0SnM2alM3bkZtcV9sTmpNeTU1cW1nQUhIMHd6MTg5M0c1bjlCYlZ4NHhhaDgwNi16M3lQc0JXbi0weFRlcWVYNEk4NDlNOFRCYlFJbXFlUzV5TGw4c0NZcnRkSXVsZmZGYUZKZw?oc=5,google.news,supply
2026-04-28,Vital Farms (VITL) Dips More Than Broader Market: What You Should Know - Yahoo Finance,https://news.google.com/rss/articles/CBMilgFBVV95cUxOX1hlVjM0TGhmd3Ric0sxSXZWUllfMkRfT2xOTG15T3hGblpQVHZ6cVY0Q3Bpa2ZJS2s2aGZIZk5VTi1qSTg5TWF3UGFFcFNfWW55cGFqMUpseUhQN1hCYTZWTzFHbzVwWS1iZlFOZTkwTVpTNkFCdmZLM0pZRUxwV2xWcjNEQ0h0X0U0ZjJUSEZKVjMtN0E?oc=5,google.news,other
2026-04-28,Vital Farms rolling out “Good Eggs Diner” for Route 66 Centennial - OzarksFirst.com,https://news.google.com/rss/articles/CBMibkFVX3lxTE1DVzlZWjE1WFQtZUV2d3A3WWhQajVVRG45LWs2ejFON0l0SWZjSEtZM2NXWElKNnVsUWxQM1l4eUJMaEYyT3lteWhVWnBPQlotUVJlV053U0lEQU9UR0sxZGtGTGVkZ2NpUTdGekdB0gFzQVVfeXFMUF9Tb3J0WUV4Y3JFUDYyMnNuTXBJR1ZDRkRfWHBBMzNvMk9MS3ppNXpjZzhqMENwU1hubi01U0hwdExhMHl4VVpuODZlR1J0Z0R6NDYzOHFtSFNfSk5UTlN5Vy1VZFRZVGd6ekhFU2FhZ2Jrdw?oc=5,google.news,other
2026-04-27,"[ARS] Vital Farms, Inc. SEC Filing - Stock Titan",https://news.google.com/rss/articles/CBMilwFBVV95cUxOZ2RaUkxSbWhqbHNJMnNXc1pSQko3REZ0S1VwMHYydXVvYWY0bXhDSUdiX1dVcTBucTd4QWhzV3JoS3dBVm5rSnM3a1BzMC1OWGVzWndhMWJrdHBGdHdDeUg0QzY5cFo3aTFXQThqYjNLclNsaVFxVlBnbXE4dkJ3b3lDNUNGSWZHX0gtMkY4MWs4dHh0SFI4?oc=5,google.news,other
2026-04-27,Is It Worth Investing in Vital Farms (VITL) Based on Wall Street's Bullish Views? - Yahoo Finance,https://news.google.com/rss/articles/CBMingFBVV95cUxNNUY3aEktNFptUE9YTHhwdm1ia2pwUC1NcVBWNGxManBYZHZsTVdGLVhNdlU2STBvai1iSkhJV2NtWS1HcVY1ZnhQWDlDTEdsV1A1SE0xQUw5X3FOQUo2OXFCbFZ4eURGNHJSM0p5SHZKa2RLcWw2RTlGd3c3LW5xdmNjeWZnOXFNY2JKUmtId3RYdHUzV1ExWGdnc1VOdw?oc=5,google.news,other
2026-04-26,"VITL shares slip 6% on health concerns around eggs: Analyst dismisses ‘misleading’ information, reiterates ‘buy’ rating - MSN",https://news.google.com/rss/articles/CBMirgNBVV95cUxNRk5uZDNNN1VTa1ptczJfaEFiWlhMZmYzY0NZZzhNSWVlWVRBSGxWSVYzZGdHc2VfSUVjOGp0TXFETW4wVUhSZFdfZ1lfaU9lRjl3U0VZUkQwS0RTNDBBX0FTb3lQaEdER3YxNnZFVS1NRFhkUjUwdDJnN1BtTEFMSy1VNHlPSDBQZ1FseEVzX2dVNGh2WFA4LVd0SE5kcmV0LVVCbFpMRWN5SkFack9yN3BxWmU0UHNaRk5pMGh0bEdoU0xqck1SMHJVNFhEaWh2RkFGcGdfOUhKVWJJRWJZMDRLQzdQN25fbDV2T1VkQ2tEMVVIMzlUYlZBcm83RDhDeVpOZHlaT0Y4T2REeHd4emJVZnViaGQ0cEpWemlsUzJMSmhRUVhPdGdsdlpfeWw0OXd2eXJmOVZROEJNemdOOEZGbmVlTWVXVGEwMXlpNlVfb3g1Mmpnb2Z0My1pVl8wUDdFODlzcjBxcDNVb1h6TkYwdG9JSUVPQldZN0lPU0twQ2pIcmJBYkh0dGZ3bTV4TFYtOE9sVE40Y21Bc3R0ckFsNlE2amFMQW0zNHdn?oc=5,google.news,financial
2026-04-24,"Investors Heavily Search Vital Farms, Inc. (VITL): Here is What You Need to Know - Yahoo Finance",https://news.google.com/rss/articles/CBMiowFBVV95cUxPOTRlYVNYWksySlZOMDRzUTR1OHFGU0dZRWQxTGdlOFBoc2NKVmFzUVJTOEx3SDZobWI4d3VqQ2g0cVBJSHVHRi1LeUEwd0VYakhVMmJ2b0U2VHNWVl96cVVwc3ZxaDVGXzRSc0FpNDNxd1YwT0owSHZEWUppOWlxM2dFNkZGSm5qdVZEdGlMWUwyOGRxTm9ZNnVfM1ZSTWFhTURV?oc=5,google.news,other
2026-04-24,How The Vital Farms (VITL) Investment Story Is Shifting As Analysts Reset Expectations - Yahoo Finance,https://news.google.com/rss/articles/CBMinwFBVV95cUxPeDhjNUxRUmhPMU12T1FSTnBhbVlvbDE5X3l5RzFYb2ZSNnBOWGpaRG0wN3BYdDFYT0x5UEEyR01kZ092VFVQNnNzZU91NExZRlQ0WnowVEp2Z0ItYklnYXpMaFhzYU1zTUFDZmJiX1dDMnhWV0xfZnNaY0ZMY05FOVRkUXV3SXFtZUtjbW4wR0pCeVVaUFMwallqUVdTZU0?oc=5,google.news,financial
2026-04-24,Vital Farms launches Route 66 pop-up diner tour - WATTPoultry.com,https://news.google.com/rss/articles/CBMilAFBVV95cUxONVNFTzJxMEd6MEF3RkRQRDl1TjI0eEhtVWNTdVdwUDNHaEVRV2Zmb09Pa0RnbFVWVWo0bnNuNUJVR01QU2VQZUx0bjFoby0wRDFMQ3dyU2ZtUzdxejU5SDR5TXpOSGpEQnpHdGI5VjBURGdzWGhTaDR4ZUtoQV92dzI0emUzY0RQY0pzTU1rT010Y2Zt?oc=5,google.news,launch
2026-04-23,"VITL Lawsuit Alleges Analysts Allegedly Misled by ERP Claims - Vital Farms, Inc. Investors Face Losses Following Analysts Allegedly Misled by ERP Claims: SueWallSt - PR Newswire",https://news.google.com/rss/articles/CBMivAJBVV95cUxNVlNwM3VWaml0ZWVXX1ctTHM4WGVLaXl5UjJFQ3hEd2w4aGVNQWxCdzRacDNBVlBjcDhBYjhtWUwyME1rcldtQkptSmhzOTVTaVMzcVdHNW0xbXc2cXNQVFJkNEhJazIzQ0lVZVlFQkVuRXNneVdfQ1VCS3RvTGZPU1JKdEN6SFhSUGFUZTJZemo5eW1hano2cGxHTl9nSVBsNkthTTJmQ185UUl6NE92bm45MGJaRmhiRkZ3U0NrQ1RGOEY5YWo0Z1F6SkprUEcwSlhNbWhTb0tueWpQSzU4aE1UT0dEWmFnZjNIZmcwWkttVnRVWU5RR2RIYWRKeHdSVG5janp4R3JiSEZUZW1wS09EMlZyajJtYWhWQmI5aW5iQ1VvNktqdWtrZlRNSG90Z0o1ZmRhLUxTT0ZG?oc=5,google.news,erp_lawsuit
2026-04-23,Vital Farms (VITL) stock drops despite market gains: Important facts to note - MSN,https://news.google.com/rss/articles/CBMixgFBVV95cUxQWGk1Vy00SmlsQ2VJb1EyckJ1OEdZMGlMcUFjeVBlVXNKYTFXNW1lcjF0SHVTTUwwcUw5SWl4cHhZdDNqTmwwWWdZMlNEWlExcTh1Sk5kTWh3U3ZGTU1BNTAwMmZXOHEyUmJCc3U0UkdmRTI2STVWeXNJYlJKZGJ1SXdUak5mS1NfQ1RDeUtYZ0h3VjFKNDRWekRneExkYVo2aklqQlpVSW9aTmJrRG1mNVU5TXhpLXlxSy1PeUtMcnc3eVR1UGc?oc=5,google.news,other
2026-04-23,"Vital Farms schedules May 7 results, 8:30 a.m. ET webcast - Stock Titan",https://news.google.com/rss/articles/CBMivwFBVV95cUxPWVdTRGQ4TzBkbFFwTkUwMlp6Y1NoX05WQllhaHI2X211ODVNUE0tYTlBZkt5bVFkWksyR3Z2VWZmQ1o0dV9ubVpZXzNhLVg4RWhNRTZSQXNRb2p1SkxnOFcwNm1oeXpTTmItaFRwNnFOdHRCYjhySGVUUnZMaXFZdGh1SkMwenBzMXRFQXN1Y3AxeDdSbGhPWkMzVjE4RHJTRzg5M3FqOHVIR0xwNWwxXzRqQ25uVWpoS0lSaVJ3QQ?oc=5,google.news,other
2026-04-23,"Wasatch Advisors (VITL) discloses 1.93M shares, 4.3% ownership - Stock Titan",https://news.google.com/rss/articles/CBMiygFBVV95cUxNUWVjcU10ekh0dzUyeDd4MV9PbW03N2hwOVNNLVZ1T2ZScWcyaE16T0J4YzRweFBwYUJYeFRPNjFPR2E2WHVxeXJPajdPaFNrLTNmWTM1bk5FV2pRaDM2VFl4eER6SVExcVZKSVZMRlAzVUhCY3FicnJZWGNWdE96RUx3ZUxnWHhnUm12aUFTQjJRYlI5VG9wNXhQRnlGN2Y0bTN1Q3pwanRvVENfTkxubDFPTGxqY2ctZ0x6WGJnRDNqd29weWpuTmdB?oc=5,google.news,financial
2026-04-23,"Vital Farms, an Ethical Food Company Rooted in Springfield, MO, Hits the Road With the ""Good Eggs Diner"" Celebrating the Route 66 Centennial and Its Farming Roots - Yahoo Finance",https://news.google.com/rss/articles/CBMiowFBVV95cUxORHRaU0VZM3N5bEk0akhFMFJqTTdHdVpla3dCbGhMaHhadnF1cDBuaXlwSklBS3dUZ0h1dDNLbmVCb0d0VGNza3pSSC1rUGFxcFROMWdxcVhKbHExeTVkbmFyamJ2M1hTX0h0dUVDVHpuV1pBamtXRnVSYjZleGtCS1ktMWtrTkFNV2MxMEVVSmJkLTdqVEk1QlRtUGg5OU5YMVY4?oc=5,google.news,health
2026-04-23,Free egg sandwiches headline Vital Farms' Route 66 diner tour - Stock Titan,https://news.google.com/rss/articles/CBMivAFBVV95cUxOUFJjaEtBYldvc3pFWjl3Vko3X0F1NDdDa2UxM2FRTWd4dFlkR3RXanF1VS1nUzJHODh3bmt0SWd0bXpzZHVia0Y1WWpxR1Rfd1VzbGljRklDVmxYTlA3a1VCYUtJU0kyS0N1NFZQcnAwRU01aU1Ib3BfdUw0SzVUd3pFcGxwY05IV1M5VTZia2RubWpDRTRqM0lTTGtDVjVIeXdXcm9WSUg1TjFxU3dhd2ZMSy1Dd2ZjMF9lZw?oc=5,google.news,other
2026-04-22,Vital Farms (VITL) Stock Drops Despite Market Gains: Important Facts to Note - Yahoo Finance,https://news.google.com/rss/articles/CBMimAFBVV95cUxOTm5yei0tLTRJbU1SVEEyNUdPck1aR1RsbXo5dnRlVm5VellIaGJKQ2h2SzhzanNOUFE4NVlCM3NsSlJab0M2eVJFQTc2bWRPckMxY3BmSmNWY2phR25NeEk5UkVWc1g4a2J6S2ltWFRQc1RSTUJMbGpJcG15WGM5aVg4cWNKQTFjWl9OWlllbWNDSjZYazZsbw?oc=5,google.news,other
2026-04-22,"VITL Investor Alert: Vital Farms, Inc. Securities Fraud Lawsuit - Investors With Losses May Seek to Lead the Class Action After Company Allegedly Inflated Revenue Projections: Levi & Korsinsky - PR Newswire",https://news.google.com/rss/articles/CBMi4AJBVV95cUxORGdDT1RMY0VsNlZ5NTdHSVdXQmE4Nzc0YjRkNkxjMGFVaWtkY3B1TVRMYm5tTFZYUFdvOVNIRGo3cW16bTA3WThsUlR4RVpoMUZIVk8xQzgxLWpBZlBtRU5pSFJ2dW5HU3hvMWQyTHBnOC1QLS1JM3lWVnZmaWFyV3BYTFl0eVFsd0JOaUtKUkRoZnJFczBYYm9fZmRDcTVDYy1BRGloRDF0U2Fxb1NNcnhYcXZfeWstRXlSSVVfemhCOE1UdnMtWnE3aTBhdXhkdzlVSTV3MWt5N2hyUURPTEpiRkF1d2VvUG1IbUpsVnVhQnBpWjNWc2o2MkpzUmxfMVRVcUZDb3RGY1dRcFRNTFNacDlIRTB2aF9MX0FNd08zTzJXR0pIYzE2TFJ3Q09sTFlTbWF2dDdzbEZKcE5Ocktzd204X0N0dVdOZmJ4MGU1U2NySlZqZHJpVkc4M2tX?oc=5,google.news,erp_lawsuit
2026-04-21,Stifel Nicolaus Issues Pessimistic Forecast for Vital Farms (NASDAQ:VITL) Stock Price - MarketBeat,https://news.google.com/rss/articles/CBMi0gFBVV95cUxQUVZCQjViZm5FMUdLWnkyOUQ2emM4UnlSeFJDX21NNDlnQVdRYnlCdUlhV281Y3hTX1gxZHJmb2xXNlVTSDE5OHl0d0ppUmItU3o0dnEyUnBzSV9JbDBFUHlOVnctRnd2dW5lbTdQMGFGb3Bwd3V3bUFXc2d5cjBwdjBjY1BzY0l4TlloMklsUkNaZnJHbHZrcUpjZFkyZTNFSDNNYVhPNnVJN1A1U0l0RHAwVk5mbDA5VFlHMm5nVm1sa1VxZUVHa0RobWdja2JON2c?oc=5,google.news,financial
2026-04-20,National Milk Testing Strategy | Animal and Plant Health Inspection Service - aphis.usda.gov,https://news.google.com/rss/articles/CBMiqAFBVV95cUxPQVlPYUVBenppakJRWDlzS3FzLVh5anZmbm5SRHB6Zm45YUZ5cTFrTlBWcjgzTmJfZUtoOGJxZ2ZCWVpsU1FCbVdpRC15VkI4S1YySXJoWVJkbExEOEo3RFNHRUY0LUJZZUZ5QThEUWo0bXZoLTJtTTR0ZjJiYUt6WWZacEMyYWlmMVBxSlpYTlNReWlnQUFPaWNXQ3UydVY3VDBjNXlGdjI?oc=5,google.news,other
2026-04-20,A Look at Vital Farms Inc (VITL) After 4.3% Gain -- GF Value $39 - GuruFocus,https://news.google.com/rss/articles/CBMiwAFBVV95cUxNbjljTS15Y2Z4WjM4U3ZITjRaU3BqbHl4c2ZjVUZHSEpiNktSU3pjVF9haEd1MEhXdW52ZzdUeDdjWm5OMi03OGlGb2sxd2F0T2NxeURjOG5tMldJNW91R1FfZWRrdUlYSEN4NFNHMjg1N3FIdkZGYk93bVl1elhCS0pXQzdmakE4UWQwYUhQVUltVlFnOFFkdzZSV2VoNVNPb1d1UUF2RXpRWVNob2pzS1liT09KNVlSVGdYSXVRWHk?oc=5,google.news,other
2026-04-20,HPAI Poultry Vaccination: Moving Beyond Trade Barriers - WOAH - World Organisation for Animal Health,https://news.google.com/rss/articles/CBMihAFBVV95cUxPZ0RNeDZqeGtFYU11MWFBaHBvTXZOTlJfLTVFRWpSdGp6UW93bDRDSGZySFd1bGtOQXdFOGY3TjA2TC1nQk9FMm9nOWhnZ3h2cl95VjliVjFQZEFrVmoyLTFtMWZ2RkhydF9TYlJlU3NWNHppVHRsLXd1aW5NalFMTG5CejQ?oc=5,google.news,supply
2026-04-20,"VITL Investors Have Opportunity to Lead Vital Farms, Inc. Securities Fraud Lawsuit Filed by The Rosen Law Firm - ChartMill",https://news.google.com/rss/articles/CBMi8wFBVV95cUxPOW5aQXVhUzF5aEtyQzAyV1BFWC1iNVZ2RFczb2FNR0JEWXlRUV82dTF5ZzVsUFRpVTctY2VPYzI1RThuUHRqWjJtQnIzWFg2RW8waXhGODBZcFZ2WUxmUnp2WGQxZTNiWWRaemlEalg0a2x2cWpXR1dXOWJIVTBrRGJNSDZSQ0E4OTVGSUJQUDVrZzVxcHJOTFM3aE9qYkQzVmhxTnVaOGlqYlZEeXFMTnZ3TTktQWpzejY0c1NpR2pFSHR1cmN1LUQwWHc2YVd1R1lhcDdpcV9MNkp1OS0zZVRBUDNnNEp2c1JoYlhQRUpsNWc?oc=5,google.news,erp_lawsuit
2026-04-19,VITL.O Forecast — Price Prediction for 2026. Should I Buy VITL.O? - Intellectia AI,https://news.google.com/rss/articles/CBMiV0FVX3lxTFBkblFNa2VpMGQwaEdiaC1YajRFSDd3Q2ZfYm14VVMwbEZJLTNaLVI2QmlSdngtYjNXX0xVRWNoWVc0MUZpN20wRFJsdnhMMWNjdDhNdVkxOA?oc=5,google.news,other
2026-04-19,How to Protect Your Flock from Avian Influenza - aphis.usda.gov,https://news.google.com/rss/articles/CBMiwgFBVV95cUxPeF9ZZFhybzdPM3lCN2JuSHBoZ2JoNTI5aEdnUlZnRW1wd2pyZ1NJQ1N1dzdUNExOYjJsS1YwOVAwX3VkQ3MzQ0NpLVJNLS1XSmhoU0kzRWFtNG1Ic0F4X3kzUkM4YkZCNDEtQkVmbXJpMV9qeGJLY0dnclJ3anUwQmhBc1NZRDlSNDNULUQwTnQtMklxTnp1eDRkeko4V092V3NUSGFsdjcwVmlOQVRJV1VTLXV4TjM4M1NKQVhWdjZrdw?oc=5,google.news,supply
2026-04-18,Consumers call for boycott over Vital Farms egg scandal. Here's what a health coach wants you to know - MSN,https://news.google.com/rss/articles/CBMi-wJBVV95cUxNak8yNUlyZU9uVkVTSmR3SmV3dFFCMGs1S0dWek10WFktNTBaeC1sRnYxWVpFNmFJbzBKSWZfR0tKWmREbnY1LXpFRmtOcVFDOE10MlJwN2M4dnpURThTcHRiUm5Gd0w2bzVDQ2xMdWx1amJwNWJXQWgxeXNvRzdKX00wbnZ5MEtUWHdLMHJnM3REYUNrSG1wUWR3WVhyV1puejNyRExmS25tQWhkVnBuSjRhNnA3d2lPdWNUQjNkQ3ktQ0VKN0lZeXZJUmVGUlJIczNLQXI3U3ZFaTFlcVF0SkRFc1lYbG9UWGlQazQ2N0hlZThPUG5kRmhaNnlqazZxcHp2bU0yQ0kteU51TUVRRklOVnE4S0pycTNxT0tvREJuUk0yQzRwRzRGR0ozNGVqeUFmVUk1TnBNaW5iLWgxQUJ0NUt3VVA4Q3ROMVliX0RHdE5Mc2pjdW1WLThiYkN6OVR0b3lmOFc1MlJNelF0M1JyWTRFdndoRVQw?oc=5,google.news,other
2026-04-17,Vital Farms Faces Federal Securities Lawsuit Over ERP Rollout Disclosures and Missed Revenue Guidance - TipRanks,https://news.google.com/rss/articles/CBMi3AFBVV95cUxNTGtzdVdmTmtqYjUyRkllcWJWTkpwbE5IZDd3aTVEaHlZVTBPZ0pQZUxZRDBNaGhXWmlVSk54MzdPbU5FLUFjeU4tczBqNXRmTlF1SEdtVlBNYlh4TXRaZHpLS1BOMkxxWDdqeWxDbTBXVWxYTTd3aTBQUnFtS2ZrSHgtZGlTS1NPZjRPSjM1MFdqYTkxWTZvVERPdkhrX1JqbWE5NUk0Tkl2VVhBSVhpQ3Y1Vzk1Q2J4b1FyS1g0YS02NHZ6MzBfMUZFV0h1RnJVYlJ1TVhXNkR6cnlO?oc=5,google.news,erp_lawsuit
2026-04-15,Vital Farms (VITL) Stock Sinks As Market Gains: Here's Why - Yahoo Finance,https://news.google.com/rss/articles/CBMimAFBVV95cUxQazNlQnpHa0FFLVV5XzRLQ0dJc3lLUU9WRWM5ejdtYWdUY0pYZ3owOEdwU19WU0Q3TFpSR0VpNExRUEtzNUZsdXI1RFdLOTd4LUZBN05XTGhvNG9mUHc5VW9oSDQ4Q3g5QlJXSGxKVUhwdkJxRm5HRnZYeUx3OXJzWWJZNGo4cjUwekZBQkI5UlN4MWZYNVg5TQ?oc=5,google.news,other
2026-04-15,HPAI detected again in Canadian poultry - WATTPoultry.com,https://news.google.com/rss/articles/CBMiwgFBVV95cUxNR0lRUlRjeHFzZDFXMWl6QVU5VEdYSUFuTmpJSFRpMGhPVjdzd2VVRHBCUU1pR0tQMS1sXzFXaThrZ01EQjYxVy1tSktpd29SZ3J5Zm5IMHlYYVl1YTFXNGt4MzV6VUhmdGR5eVU1Z01FVG1zNFJaX1Flc0hpa3ZpRGNNb3hlbmxvaDVYRXlaYnJCOXNxenIybEFYS3NnZnlpRndRcExCUkRsN3gxdTQtZHBYY19tZGhTX2ZCb0Uzend6dw?oc=5,google.news,supply
2026-04-15,"VITL Investor Alert: Vital Farms, Inc. Securities Fraud Lawsuit - Investors With Losses May Seek to Lead the Class Action After Analysts Allegedly Misled by ERP Claims: Levi & Korsinsky - PR Newswire",https://news.google.com/rss/articles/CBMi1wJBVV95cUxPWVdOQW1UMHYzM1FmMllyaUx5VkRZSmtiSXlDd2RyV2dTcERaa2xWV1RnQTI1UHd2c2dJemE3ZnVCYS1WU3NqZTA0S2FEdklGT20wbU54Vl9VeVUyNEp3QmVMREVDWjhsbmh3SjM3NVRhRjdQYzdFa3FoYXk1S1NaUG9zbzlqakZyWmRadUc0ZXRidVhHck0yT3BSdDlVUklQRlpZN1E4VU5TajdnUXRNV3o2SkYxdjBSRjBXVV9UR3pFWmM4cnlkSUtEU2wxRXJQQUI4bFpNQ2hkZEE1WXRvSV9SX25LQjFSUThFNWpETlhDRmdpdnlHdkl5X3NRR0FZc1g5bng0VW1PQVAzeEJucVZGeDhWS1lpMXBTcVZfSnJJVzA4eFJTRGZ6M29yb3U3MmVlUWxSMm5EM2Mzck5xNWx3bTNBa2tPR3JvU2xZOTlFOXFLdEww?oc=5,google.news,erp_lawsuit
2026-04-15,"VITL Investor Alert: Vital Farms, Inc. Securities Fraud Lawsuit - Investors With Losses May Seek to Lead the Class Action After Analysts Allegedly Misled by ERP Claims: Levi & Korsinsky - Morningstar",https://news.google.com/rss/articles/CBMi2gJBVV95cUxPam5VT1h3bEM1MmJEOHkzZGdRa2ZUMm5zeklpbVdwNy1od19TUHgzYUpPWjZBakQzTnpJZndOQXB4aURlRjhPekhqU3E2Z0pYeVlRTXc4eWVIWm5nYVVvdFcxRF80Uk50cVdDa2VNdTc1QUFRckRFTDUtaEJ2aUNhdVhGTjJ0OWNqb2FBcW1vVUNCRmlmd2VuNzJOdGItR2tadFdRbldKRnMtTjIyVVdFZUtLRDBkSTZpOFJDRjd4MS1pQWc2WENFR3dUQ3BFb2pSQ3YwMUI1eEF0Zy1EY0VzeDlaeEI2UUtrWmRTX3hLYkVCUjNvNzNjTnRUemVOXzdUa1YxaWFzTXhraEhCY21uVFRoYmg3NTdoWmQ1blBiQjYzWW9BQ0dIckNKdkZ4RFQ0Y1ZCbmNmWHRLRW0wanBPUWZQWVRCZGlJRFh0bHFiZGJ5Y3ZQdXhYX1lB?oc=5,google.news,erp_lawsuit
2026-04-15,Rapid expansion of genotype D1.1 A(H5N1) influenza viruses in wild birds across North America during the 2024 migratory season - Nature,https://news.google.com/rss/articles/CBMiX0FVX3lxTFBIQk94RnFFV3lxanp4dEYycWczdlpTM1NCU293ZVFhSkJaZmZFUU5YVmtEcDJtRTVLdlFQSVZnTkdjUkI2cjdQZzBZT3phMWtFblM0SGphNzl1cHFLUFRj?oc=5,google.news,supply
2026-04-15,"Robbins LLP Encourages VITL Stockholders Who Lost Money Investing in Vital Farms, Inc. to Contact the Firm for Information About Leading the Class Action - PR Newswire",https://news.google.com/rss/articles/CBMisAJBVV95cUxNWTEySUhiSS1NQ3d3SWhKeVVFR1dlWk5sYzJQb0RoOW9ta2VfWm9iWEN3d1lvcUZSdXVCaWRGVFRwNUpKQzVrSWxEUXZtS29aZms4OW1IaU1XRHFIamtycUJmY0p3VXZyamZDVHN5MHBZLTN0ZGY2MWdzcGFqYXBYb0RTZDFWM2t0bzJ1RkN3dXBpcjBVSW51VGV3Z1RsMkhsb0NWRlVsRFNmOVFCTnEyWHRtTzNUQXJrajAwUFE0VWQzN09NSlpCUlBiNkw2cExoOW85bDk2c3FBM3o3WURrNkwtenQyYm1zb0kybllVeTZjcTZMTTJBWWN4ZmVqVVNEQUlwdEpCUDNkbmxlS3Z0TUZrTl9NV0xGTnptRWlPa0F2YmRCaEx2U2JaRW9YY250?oc=5,google.news,erp_lawsuit
2026-04-14,S&P 500 reshuffle: Ares replaces Kellanova as Mars deal nears - Stock Titan,https://news.google.com/rss/articles/CBMiwAFBVV95cUxQTm9VRE81VGVwa0EtZnBVZEhuYXAyamoxVWdBVVdRSFVzbGNEOVUzTzgwaTYyUUJzQTVELUt6cWNKcUN0d2FlV2pkcDRSSlczeWV1QnF6R25EcXQ3X3hfaDZqaERRSkpfSGJNYkhoTDBlN1lncWNkWl9BeTFFZUIwSzlFT0VKc0x6a0Y3XzhuRjhrbmM4aGFFSFNsQmx0X0xBTW02VVNmQWVtR2Y0RnpnX2RyYlN6MjN4cVlpMWhsemI?oc=5,google.news,other
2026-04-13,Arkansas has first case of HPAI in commercial poultry of 2026 - WATTPoultry.com,https://news.google.com/rss/articles/CBMi3wFBVV95cUxNenRJaUhGWFBpVjJMUjB2N0g4NVVtT1gtdGVoRUdtYVFoXzRxdkxTRlZRREM4d0VHMXVhczUxRTR5YnU2Q1ZHQWZrMFZGSTd2S05ZUGo0QldiVjJoOTY2c0lIbUlyb1pmVHplZjR6U0pHeUJoNm5NMVF5eTdhTzJkSDQtRjFhSENmTFZHUVI0MGRHR3o3WU1mRTRRcVVhVWVqeTY2c244VjUwcDUzNVY0WnRUZ1RWQ2hLUHE0cmhZVUFjN2Zsb3JCQ29oSUVWcW8zeUJ4V0U3eGRjU0JfZzFn?oc=5,google.news,supply
2026-04-13,This Monthly Dividend Stock Could Turn Every Month Into Payday Season - The Motley Fool Canada,https://news.google.com/rss/articles/CBMiowFBVV95cUxPcjZxXzdKbWRzS2UwckF5ZW8tbExkYkJoOEZ1UWMwX0FQNkpHMkRUMExVMG5EaGU0VGRSaVNzVWpFWE9pbWJJM08zcjRWcnFxNTZWeXhub1FRaUtKSUJza1NfbkoxczN2YTNaMDB4dHpBU0VhZlJ2VzV1a29RV2tMbkFNOFZZMmU0dGVNa29ISnlKbDZoVmw0Z3pVMnRQR3ppREZz?oc=5,google.news,other
2026-04-09,A Look At Vital Farms (VITL) Valuation After Lawsuits And Analyst Downgrades - Yahoo Finance,https://news.google.com/rss/articles/CBMinAFBVV95cUxPTkFYcHNRU3VwZXpIZWJwOTZvay1halQ5TGhGTFctNnd1aDBwYTFYUm9oX1A2d3lvUUhtUC1Db1VfejVjaUtnQmNXRy03eE5zVk5hU0U2Yl83YjFrenB1WnBrWTJvaGtLc0JLVzJtUUlwc1Z0NnZtakFCakhlNnNLMzFjVXFxM1pOSUpublFsTVo1dmFaZGJBbkJwdVk?oc=5,google.news,erp_lawsuit
2026-04-09,Vital Farms downgraded on sluggish retail sales outlook - MSN,https://news.google.com/rss/articles/CBMirgFBVV95cUxQbkxheDhiRXFrU05Oek1zdU1VRGQ5MHNsX0s3RlFtNjlmUzVTZUxSb0RIektmMVRlVHBwa2VidXFkZGVSLV95bXUzWEc4Z0VGdnVoaVFvNkRDWWNRbklHQnQ0N1RqQ1lWYkU5MGNoSUIzeVB1eTh5a2dhU3JORGpOR2hwNEpsdzJWRGxnQjdOeElfVU5xX2JrZnpWM2RBTlBJektwSkl6R25VamVlaVE?oc=5,google.news,financial
2026-04-08,"How do market conditions affect Vital Farms (VITL) Stock | Price at $13.04, Down 3.76% - Reward Analysis - Xã Thanh Hà",https://news.google.com/rss/articles/CBMi0wFBVV95cUxPT25QenlaYkRBVDRDYzlXd0I4dHZtQjA1UWk1eTUzN21GTEdZODYyVGtkV0YxNldPLVBWSWdoSlZRdXQ0WGtnZUl4UE5IRlhtOEx6YklEYzhmcEJBeUpBbDhmV3o0Zl9ST040SWNKYUpwNldKNGlOWmpESS1YRHBMdWxIa0lfb09KbExWZXpudlVPMy1hUHRGTWpKN1gyVzVGejFBLV96b1BlczN1WTRseEhaczUzY2Y0eVkzcVZiMkxUM2dCT3J2LWw4S2M5OENxTHFv?oc=5,google.news,other
2026-04-08,Avian influenza - Food and Agriculture Organization,https://news.google.com/rss/articles/CBMid0FVX3lxTFAzMXJsdldoVG1RWjNCUkExSFE2V1I5eXdLSjZKNmp5Vl82aDZSZDJaSGFDUlAtT3pfS2tkZlRfREdsSGh6aUx3MkgweTl5emQzVzRaMkhxY0ZPVV9FVlBpTzVneURZMTcteDZHM0ZjWUF2Nmx6UUZj?oc=5,google.news,other
2026-04-08,Vital Farms downgraded on sluggish retail sales outlook (VITL:NASDAQ) - Seeking Alpha,https://news.google.com/rss/articles/CBMimAFBVV95cUxPeENoQ21IQ1FOT29yaFhaNVZRNG0tSlVONUZ4Y2NYU0JLZDNBb3hiOHZYUWxrOElnbEpnUkhzcXNHYUxqQUxkb1N3ZzRWamNTOEQwTXdHbmYwMi1EOWRyeFE0bmlzOXZKaWM5U3ozRW14ZlpMSy15elVwTnliUE1tNHEzNlFnUmpXazBVNXhMcUVjbEVUTWxoUA?oc=5,google.news,financial
2026-04-08,Vital Farms (VITL) Stock Declines While Market Improves: Some Information for Investors - Yahoo Finance,https://news.google.com/rss/articles/CBMinAFBVV95cUxPUE1JaVJycjZRWDN4MXJxR3ZUd2h4dG05eExvdThhQnpzem1uU0RIYjZNYmtUZFpMZTVrV3NmYy1zUHl2d3dXcWtLREN0bUF2dVBnNzJqZXprYXlwcXVYSVVLOHQ0ZVZvaWUtOHNVZDlrT2MwYllvZDZQUFBYVkhtdVl4YUxhSTdZblZjZ21RRzZUeGY4eGNHZklHQ1o?oc=5,google.news,other
2026-04-07,Why The Narrative Around Vital Farms (VITL) Is Shifting After Cautious Analyst Updates - Yahoo Finance,https://news.google.com/rss/articles/CBMingFBVV95cUxPTmZ0R2Y1OGdMeFdtaG5weE5xM1VtNlFBdHBEeTJSNk9pWG1MVW0zR25ZVEtLdVhwWXU3SGFtTGxVWV96RHhGZmU2OFlyOHl0Wml2TTNTYlBmMXpEdFpHU2t4aElEUVFsdlh0dGlFTTRWSGtNT3VNcm44Z0tHTVFWWll0clI5cU1QeFo3LXBCSHRJdTFlN0lpV3lnbWZ6QQ?oc=5,google.news,financial
2026-04-07,"VITL Investor Alert: Vital Farms, Inc. Securities Fraud Lawsuit - Investors With Losses May Seek to Lead the Class Action After Company Allegedly Inflated Revenue Projections: Levi & Korsinsky - Business Wire",https://news.google.com/rss/articles/CBMi4gJBVV95cUxPV0pyWDF3aGljUDZlRElZcHdncDloenZWVldjdXA5NHRCcW9OcGZrYldtUkpzREFtZUVVODNWMzVIRkF0cFVPNV9XVWZFTVk3SmZHV1ZKTlpUTGlQVjNsdVEzT0oxNHcxVlY0WDFsbGtqT3ZyTFc0d3BRZXZmdXJvNTZKNkVTSDdRTzlNUC1vN1lpYTl3ZnJhYlVtUWE0TW41VzN6b09FcEZjaUlPOVJwWERkYjF0OWVKM1pCNkJ5UXlWZzViLWI3VS15c09kd2Y2SUpONExDblRiNmJKaFNoN3VXWlhicE1YNlJpVTBiYmwzVDgwRTNveG80cTR2ZUw1U0hYcXJ5bnQ1LU5XNndMeG9id200S2cxTkJsZG5wVTI2RTg0V3MxelkwVVRzalg0YXp1UVhGUkdXN2lCR1hwX2FERUJ0Nkk0Slp0M2JEQ0FhZ1JKRTFFb0RxLWgwY0tSVmc?oc=5,google.news,erp_lawsuit
2026-04-02,Vital Farms (VITL) Stock Sinks As Market Gains: What You Should Know - Yahoo Finance,https://news.google.com/rss/articles/CBMimAFBVV95cUxNa1lleGlMQlcwbFZUMzVOTHRsYkJGMXQ1RVNsZi1lWU1rbnViTGdFNVFtM3JlN0R3TXZlOTlnY1ZabkJmN0dDR0ZJMU9kZmh4cGRVQ0kzX2Zsc2xVUlk0UExZaFV2TmdMVV9FQ3lFN3V0YURxOHFMVk9DQ2VOUWhod0trZkxRaVBEbHZIUExJNEg3ZFBQSjF0LQ?oc=5,google.news,other
2026-04-01,Vital Farms (VITL) Stock Slides as Market Rises: Facts to Know Before You Trade - Yahoo Finance,https://news.google.com/rss/articles/CBMimgFBVV95cUxQa3pWNVpmSzU5TXZ3RE5LZVdEclpTcGZCUGRfdkV4SXlEQU1ZVDlaU1hpUjFaWU1sWEdEU2p2WHlSdDhjeUdqU3N4a0FpQWNSYjZYTFdHQmFFcC12RmhwcE1zWWtkYm9adGZ6Q3UxT3RXQkE4NW14MnR3UFA2SXFvS2g2b09BdW43Vl95dC1aM19RT3Jac1Z4c3BR?oc=5,google.news,other
2026-04-01,Warning that shortage of eggs on supermarket shelves now a reality - Irish Examiner,https://news.google.com/rss/articles/CBMiZ0FVX3lxTE1Bc29pTGxVcG44ZVZOWTZSUzJzSWdTYzgzWk5oYnFUb1JOQmtXUk5STUY2UkVSVFJ4aXVFVm5QNUYxMDM4RmltbXc5R2pZU0t5NDB2OEl4UDNxVHo0RXZCWG1IQi1yMU0?oc=5,google.news,supply
2026-03-31,Studying HPAI in the air - Feedstuffs,https://news.google.com/rss/articles/CBMifEFVX3lxTFBPOGxfV0hVUXlwNWpMS2o5ZE1POW5PRXNhcjdDWEZvcFVxSEtmTmw2MFBTU0N3TTBIREhaM2loNUxxdHlGV25qdzY1UVVYamdKLVFiTlMwUzV0X3BERWxQLVlFaWFIWXpUa3lnNFRONnFQa1FnMVd5TTJyYUM?oc=5,google.news,supply
2026-03-31,"Ireland is facing egg shortages due to rising demand and insufficient farmers' pay, IFA says - The Journal",https://news.google.com/rss/articles/CBMic0FVX3lxTE11ZDJNQl9rVlhCUC00WC1OcHBhd0xRM3JZWGF0WVdHeUxmVFpoM0ZDcmZ0eWZNckxqMmZoWGQ2TlpqNGZZeDBlblc0alduOGJfc1VsRE9PTHFYdTJydlhycDltMlVfbTVscWlhaTNBbFRfV28?oc=5,google.news,supply
2026-03-30,"Investor Notice: Robbins LLP Informs Investors of the Vital Farms, Inc. Class Action Lawsuit - PR Newswire",https://news.google.com/rss/articles/CBMi3gFBVV95cUxOajctWkplWWFBd20xZUxJZ0ZjV19HYlZIc2kwVWFQQ1Mzb1JRQkdHS1ZhRDkydzh1eEFMSDdiY3dZYlk0OW1wZnZaQ3ZWdlhDS3d0ZDRSTkQ3Uy00dmZieFJpWWtOUGJnWGtvZXdKX1pEQUUxemktWFh0M2tkOEN5cTY3dWhWZ1Y5Mlk0ZlpuTDZBNEhoVzlKelRRYmgwWTBPUGRKcE9nQnFMeEJSQWljZExjMmpFTkF1Q1FNaFBUZVpxWGlITl9lcXk2Q3lIWEJzR2NwdjhWWWRIcHB6aUE?oc=5,google.news,erp_lawsuit
2026-03-27,"Vanguard (VITL) amends ownership filing, reports 0 shares after realignment - Stock Titan",https://news.google.com/rss/articles/CBMiygFBVV95cUxPdlFyLWduaFN2eTV0U1Q1eUpONm52U3dHbXJBbkRvalhVQ0lVaWVSalZMb2VydXhzYjhiN2tPZEozWXhWMllDQUk1aXZCUVRYREtQTHQ1RFI0N1dSTWtiNzdmQVlSeDZ6T0s3WmhadjFqb0Y2UnEzRVZRWlN4Uzlyd0w4S2RKM0lObGdEd3dPVTNQT3R1UzZLNUdkemdFXzZhS1RNOGFwcVhQdkw1NmNGM3paeWpCMDlXYXdkQVVYbTdqTTR0OFpFZlpB?oc=5,google.news,financial
2026-03-27,"Netflix, Tripadvisor, Vital Farms: Top Analyst Calls - Yahoo Finance",https://news.google.com/rss/articles/CBMinAFBVV95cUxOMThRZkVXbDhHTG1GVlpqQ2ZpZHdpNjB5bE4wb2VxLWM3Ym53ZW1Ubm9DcnJIUmU3T19rZlhYZ0duMGFfN2tpdDJmYnAtQVBsaUNFUUlVS1NzRk9oS19vcGVlSU5Jdkt0LUdDNFZCWHEwbU9YS1RMS2tkU1RTdVIzcGc1bk5oZXFyNXUtYXJkakJ2aDdoM1ZOc1Z1RVM?oc=5,google.news,financial
2026-03-26,Canada Extends HPAI-Free Streak While Indiana Battles - avinews.com,https://news.google.com/rss/articles/CBMigwFBVV95cUxQNEFmTjQ5dFc0dmF3bm9rTnFTSll3WWhFOGRDUlA3WXRfS3NHN21kSDBIZzJyc1pjeWsyZGJhRkpvWS0zLXU0TWo0MVNmbHAteUs3QzE3Nm1qREdDa3JJRVF0NzFpMlpUbG4xVFFVRGFPVHIwSkluX3JaZG0tdmNyVU15cw?oc=5,google.news,supply
2026-03-26,HPAI threat continues to loom - Pet Food Processing,https://news.google.com/rss/articles/CBMihAFBVV95cUxONVdsbWlDbEZSTld4Y2VWVGhwZVZPWm1xcC1vVHd1QWV6MS1vbUhEOTdLVk9EM3QtajQ3ejhxNFlkUXpDNkNqLWJxcXFZNmh5NVpOZk5KNFNhNGtiUUlmUHh2M0hmTzlJUFBwN2RCM2tXdFVTQm42ZGxsZkJ4bzZkUmNIUDg?oc=5,google.news,supply
2026-03-25,Lessons learned from France’s HPAI vaccination program - WATTPoultry.com,https://news.google.com/rss/articles/CBMi1AFBVV95cUxQR3dzU0ZfMW8ySkM1VEhnaURmS2Zsd0R4T3RPVmNRVDNPMzVhQWtjYVZXOWplaVl4NlVoZXp5d3N2RDg1N3FNS0NCRzdwbzR1VDA5Q3RnUVpFTHUtbndKQm9KN0pxVFliSUtycTBBXzZUbVlia2ZsV3lQNUtYeGhCQ3JqMVpDTElwWXdzTDVEOXdSNzB1NW9YWHFMNkc5QVZUMV9CNEk0S0s1cW9BeFZSeHJheFdrcVBTM3dnNTJYRDIwVzRwTnVFYmF3RjdCQmdCYUhKeg?oc=5,google.news,supply
2026-03-25,"Canada goes another month without HPAI, Indiana cases persist - WATTPoultry.com",https://news.google.com/rss/articles/CBMi3gFBVV95cUxOWEtiVk8yc2VNYUJ4WHBiM0FDZnhyR1luXzBSNFlCZkN0TmY1d25KNHRQNS1VaGtBbmJpWlJQN3RfcE1RMklxQjdMT3J2ZlJtSnVDX0hYOHYwQzRzcGNCcmQ1RmkwcjE3TVNhZkJub0N2SGFpTktMeHlfMVZ2dFhWcHh3VTlGVzZsUmhqQ2VCQ1VlTGwyUkt4YldYV1BXRWZNMEMyZ2xSMWxISHFvMkZiZkQwa1hqYS05TTVxNE0wR3Y5U05LLVVIYWJqaVl0MFZ1NWRJbnVaTGYtZ0dCRGc?oc=5,google.news,supply
2026-03-25,Cadbury take action as cult-classic Easter chocolate disappears from shelves - 9honey Kitchen,https://news.google.com/rss/articles/CBMiuAFBVV95cUxPSW5GUmQtam9tNDQ3MEZmR0N0ZFptbmZmWGdWZ294NkE3U19SODBVdkl2NVNmWlVta3dQUDRBRU83X2gySklxRjAtZzgwVUZseG1kZTlKVjA2S01rNi14bDA0WjQ0QlBWczJwZ2cwOVdWVlppSGU2aUV3QlhhUmlpR0dKNHZwRjVXQkRLRkhZU1ZHYTIxM1g1RmZVZktWWUVYWkJrcU5PMXNlSjhDTEs3Y2dlVWQzaDlB0gF3QVVfeXFMT2g0V0xjSDNUMllCZFE5V2IxZEtQeGFqTVdSR3Z6azE3cXZZVkQ4MkxSVDljSFN1eGJ2Z0h2NU50Vi1jc3lRa2lFUVVyb0tzUXExaVNLX0JfUGU4UVd2aHJuYjVubXlKSjlVdEhPbVE3SXBnRUlpUGM?oc=5,google.news,other
2026-03-24,Is Vital Farms (VITL) One of the Best Small Cap Consumer Staples Stocks - Yahoo Finance,https://news.google.com/rss/articles/CBMilAFBVV95cUxNeG83VWRRODJ4Mk40djNfTkdBUzV5WXpVSmY0SVNrSjkzY2ZnaGw2b3pCelV2MFdpbVo0YU5jT3BHUnFQT2k1MTZEOWpRd0piQm5mNjlkV0JQUl9vQzQ3a1UxMWVKN1hIdGJDNlpNZU9lMl84ZjQ3MHE1aGlqa09xRVVmMGFhVUxMcEJZMWJlblNmNExh?oc=5,google.news,other
2026-03-24,Mealworm-based HPAI vaccine could cut poultry losses - WATTPoultry.com,https://news.google.com/rss/articles/CBMi0gFBVV95cUxNdVpPRTVvNnY5SmFKOFYxcVJVLVBDMzF4T3BTbmlJcllMcjZYaWRmeldnTkV3dzI3M0owZ2l0SDk3X1cxcEdSNXlEOGZMQkxnNHF4RWtQQ19iak1fZjd3cDZSenRENXplbzdvYnNGay1uSl9nZko5VVg5MEFFVy03cGcxWHo2SGZscnZQWWczbFlrVjhzdFo5VlQ3dlZNU0VKRnhfYUdJckRJeGV2WWhCN1ZWaFU0Wm91eFJzMTJfbXZzdllPb3NVVlRCNDNnU1RMdFE?oc=5,google.news,supply
2026-03-23,USDA: Poultry producers should watch for HPAI symptoms this spring - Brownfield Ag News,https://news.google.com/rss/articles/CBMipwFBVV95cUxNLUpXS2lJUmJrYjNnQVB6WHhWblZFMGIyeEc2U0ZRV1pZbXVKZnZzT1NEZ1dVaW9pRmg5Z2I1ZFA1cEFHZTRxWmkxeTBJaUpISnVwbVc5c1EyakgtT1h1ZEkxZU50aUNLTlVxQ2tXaXAyUWo1elhleHN2MXQ3dWczam1QSEdUT3V0dkw3VlF0Mm1YY0NlM1RVNm1DTlN5eDBJZkpscUd4OA?oc=5,google.news,supply
2026-03-23,2 Reasons to Watch VITL and 1 to Stay Cautious - FinancialContent,https://news.google.com/rss/articles/CBMi0gFBVV95cUxQcFI1TXpoOVJ5d210TTNLeHI2ZXE0MURPS3k2V1AwTWdhX0RXZmM1RjR5UGxUTzVpNkg5dXVjZTVOZEhZUU95bEQwSmRCLWtlZUNRX09qWkN4OEE3U0FwMTU4SmJCanZyN3pDQWU0ZHRtQnFMTXEyYUZqUDA3bUhXeVZsdWVISzgzRGNvX0tlR3ZsNG5vMnBHYWsyamJXbFRoZXVnT1ZIUmhTNllrV3AxX0hjQ2JsUHQyM2MzcmtVZkE1eXMwRU1XNi1zdHQ1RnRBaGc?oc=5,google.news,other
2026-03-23,Largest Animal Health Emergency in US History Continues as HPAI Hits Indiana Hard - Hoosier Ag Today,https://news.google.com/rss/articles/CBMiwgFBVV95cUxQa09zdEN0ajdTT2I1YTRPZENha1FwVHlaaVNEWnNCQlZyS3F5Y1N5WnZsZ0dTWWkxNGU3alFBQ1ZQNEUxclctOTlEd0I4dkFYX1Zac3NHeDRQNmxPR3dHT3d0WWt3VFdjbTFUTkR6UlhFNmJDT0p4cnNuU2hjdWtxamVnaGxINHI1eEZrdzlsakdLOFhTTXZTRTFzcnpJS2l5QTNlcEZyeTJOMmFYc3FCWDlZWDRRQkcwTkt5akVhVnRiQQ?oc=5,google.news,supply
2026-03-22,Rosen Law Firm Investigates Securities Claims for Vital Farms - Intellectia AI,https://news.google.com/rss/articles/CBMimwFBVV95cUxQcWh6QVE3LUJjanRpVVo0RGZrMEQyYVhYNEZiUE5Wd2N4NXB6SlVVN0pzcEJSZzAtZmVGWC1CaVZPVDQxb19jNXhCWTFkREVzLU9RdzdzX1ZTSDB4ZUZQNWpxd2xvZHpTd04xRGt4MHZLWFNiV1BNZUNQRnZBZ3I3bFZNV1U5dmRvQWZmenB5OGxzaGhscklyeElLUQ?oc=5,google.news,erp_lawsuit
2026-03-22,2 Reasons to Watch VITL and 1 to Stay Cautious - StockStory,https://news.google.com/rss/articles/CBMirAFBVV95cUxNeUxGMUxzdlFMQlR3ZW5oczNTVm5uNmJPQUx6VHUwek9KTUcwYWtVYTZLUGJyRGg4WEtPbWVKMlFVa1RXQjhkMjh5b1FCUXJRdXc4TjdpYUNjSTdLTFVtUVdTTThkSnB5VU9CMm11bkpWV3VuQkVtSFlCMEpzZTJKSU5EcDkyVTMxQWFLT1g3NE02MmcydG5nQmhad0J6eWhVSHI4ejBWWVNteWVh?oc=5,google.news,other
2026-03-20,"Vital Farms (VITL) CFO has 3,192 shares withheld for tax obligation - Stock Titan",https://news.google.com/rss/articles/CBMirgFBVV95cUxQTGl0SEl3ckFNV04tdTBxLTlkLTFkNHhOd2JjbEZDaUtzcVl4M29sMWRFSjEzemdHLVptUHdPXzhsRnNBZnFPYWNYQTd5SC1pM1ZUTzdLaFlFM3RzcFh2VVZoQnlVUmVMYXpNenJoYVREMDgyUlVhN2J2R2NXcW9RSVdFU3lVSWEwSEZiaUtmRWxVU0RkdnlDaXJvTkd2a2ZfTk9BRTgwcFZTdFNmTHc?oc=5,google.news,financial
2026-03-19,USDA: Current HPAI outbreak has impacted more than 197 million birds - Brownfield Ag News,https://news.google.com/rss/articles/CBMiqgFBVV95cUxPMXFIVWF5R0xlR2RfY3NzZXdDaWNnYk5hUmN6d2dIMGxvLXFfYjhJZkZoeHFtcUZZUWZyYlltTXFZSGNQQVFHcXA2clItbUxEZ0haejI4dW9NTURORU5xWU5NTG00Z3Uzb2huYUIwS2NtVDVndnBYNUlpcVRwdUxKemVJZVRadXo0dllmODhvS2J0MDBOSTdETUdvc1J4T3pFeExpRmNQXzVnQQ?oc=5,google.news,supply
2026-03-19,Live HPAI vaccine could resolve poultry export concerns - WATTPoultry.com,https://news.google.com/rss/articles/CBMi1wFBVV95cUxORm54N0p4eVpaSE84RG1Hek5XMUpZQy1KMjBUbGctQS1rRnduX21IcjJzRlhlcnFGRm1UUnU5aW8tc3hPS0RJTnJ5ZDgxZjNQS2JiM0VVOW9sTU1mWEJZVHV1UEQ4dEFDSE9nalVOQ1Z6alNISlBURWtOV1FLbDdoVzBpTDFDSEhfN2ZGbi1Vd0lUeEFaSnhQODFlNVlTY2I5aG5Fd0dBeWRMNUEzWWRNZjFUUjYxb0ZDaFlZWUVUTzJ4ZEdLSmNBSVJvLXdqNmFVRVJtMHVzbw?oc=5,google.news,supply
2026-03-19,"HPAI hits 870,000 Pennsylvania hens, 7,600 Indiana ducks - WATTPoultry.com",https://news.google.com/rss/articles/CBMi1AFBVV95cUxQdEZLS01xczFSaU0wQXNYdklvUmR2ekQ2cXVYT2VVWHZtWGxXUkhKemR3VjRJcWtHRTEzYUtUWGhlcFRoaXNlc2YyQ1JUMnFESXhGbW1QeEo0MGNIZ1hDRjZua2Y5NXRSakxBOFZvZDc5TndqRVVfOFZBdE5CU0pyZUdacjE1N18zT1k2WUpTeG51SXlOYlllaFpxRzVCdUdJR1NZYWFMU2tIV2dRdlJ6SVluclB2X3ZtcHdNY253clQ2bGxfRWRfMU8ySWNnOE9GUGU3Rw?oc=5,google.news,supply
2026-03-17,"More than 100,000 birds impacted by HPAI in March as wild bird migration season picks up in Indiana - Brownfield Ag News",https://news.google.com/rss/articles/CBMi0wFBVV95cUxPWXp1OE1SWnNOLXFqSFVlNlVfNE5ZbUh5RkdWV3dyRkh1Um1HWHJFdjliQ29TQlFnOXYyN3VtdGFRcS1SZEI0T3lLNjU5MWtoWG9WRnhIRUFfTmFKUW02aXZCRFRicmJVVjFVbldyTGF2aEFIeEZvWFY2dEFIYm1NOFpaYmJlSUpsMVREVXZ6dzlEcUxvNmduakg3N3BvLS1ZdEpwaEJBUm1veEdMV3pLaTZnXzZMN2U3NnBDR3ZVaUdnX1ZfLWc1Wk5LZ2RaVjR1TDVF?oc=5,google.news,supply
2026-03-16,Vital Farms (VITL) withholds insider shares to cover tax obligations - Stock Titan,https://news.google.com/rss/articles/CBMirgFBVV95cUxNNnpLWi1QWTRPblFrTWplYWg5dGI1WDFhRjZzLUhUM0dBd08tdzBuT19rcTN6MTRsT1I4b1VvMUd1NWR0SEJwbldGZzJvd21NMG1rb2NUQk5tTUpzbGJPVXFYV1RIanlYNTB0SGFZc2lpTWhZcUp1SXBPcEZaVjZLbWRjSWJvQXR2RWg1am1JcXc0NzJnNDJBV004aFQyTkZtand1Yk83dy1XN05xaEE?oc=5,google.news,financial
2026-03-16,"6,500-share Form 144 sale via Morgan Stanley (NASDAQ: VITL) - Stock Titan",https://news.google.com/rss/articles/CBMilwFBVV95cUxNQmNiVGp4V2k4c29JN3FQeU56V1k3Wk9SY1dHX3pGdVBUUGRpYzlacnRRZ2FlamJrb0tMLW5NMGwyZzRzWGtDQ1pvY1ZfTHdUdDJwdUJ6YWtqRExKVG15cHpDN29PSk1KSngxOW9yQVNuLTRIM21KUlVYSGJ1eHFuWkNpWG45cWdGcHFHekxZdl84VFNDblpn?oc=5,google.news,other
2026-03-16,"6,760-share vesting sale by VITL (NASDAQ: VITL) - Stock Titan",https://news.google.com/rss/articles/CBMilwFBVV95cUxObUdNdGk1Nm9VLUdYMENOaG14U0RPTTdFcm52LVVlYWdVa2kzNzFUWVpJM2NQVmxLVjNEYVpMSjkxaUVUMVlzYkpHXzFhOWVlWnF3V3cxX0NhaGc5UjVLRGhwUVg0RW4xRHB3Qnh2LVhpcUhjX2JkR2ZPTUtad0pqVDByeThveml0eVpFTmwzb0kyWEpKcE5R?oc=5,google.news,other
2026-03-16,"6,500 VITL shares reported for resale via Morgan Stanley (VITL) - Stock Titan",https://news.google.com/rss/articles/CBMilwFBVV95cUxPMWpFZXVlZ2FkeFZwQjBneWhscnc4LVNfTkM3SWt5WjU3QkFXTTA4bEdCLVhVcTIyWkJxQnhPc3pkYXhBQ3FuRzZLUjlzQ2xZMWc1X3FOcHU4RWs2QzlVZHRGd21XMFhheUlhM1NoYmU5VWJwRkRqNkpFdV96enpaaGV1WlJPckV3OE5NNlhLTjZVZ2dJOTdN?oc=5,google.news,financial
2026-03-13,U.S. Poultry Losses to HPAI Top 200M Birds (2022–2026) - avinews.com,https://news.google.com/rss/articles/CBMigAFBVV95cUxQY2k5Sk1pVFBfMHdWaEp1dUNZeEJUYWlKQXhxUGpmQ2NJWDhmN2FTQTRDM1djM2NfQWllWUYzX1gycUhUdFJpd283Nk9sWVE0dk9GX2ZZZGVjUXVGNDdlVnVQczBBU3dZV3NEM2NMS3pUajNfdFpUdVNHOFF2T3VqRw?oc=5,google.news,supply
2026-03-13,Bird Flu Outbreak Among CA Marine Mammals Remains Small But Concerning - UC Davis,https://news.google.com/rss/articles/CBMipgFBVV95cUxPSFhTSFhvdWprNXpWc2Zod2tsb1R0UHNkU29admJDSE03MTVuX3FTenRyUDdGRUFycVdwWkl2Z3RXbUtMdnRvbjRBdWFtRk9wSl8xVG92TWtNaFZIX0hQdnl4QXB3RW1pSHhZOFczY2k5a0JQaXlMcW9IYW1JNlFCb3h4X1VWNmh2OFc1bnhjSGdwTkptNkNVc0luZzcwV3FRM3FuV0VB?oc=5,google.news,supply
2026-03-13,A Look At Vital Farms (VITL) Valuation After Weak Earnings And Rising Legal Scrutiny - Yahoo Finance,https://news.google.com/rss/articles/CBMigwFBVV95cUxNQnZ2UHFLQ2VDeUEzUkZfbV9nTzF0RWN2QkxLOFZkcS00dGdfREotalp4ejhnUVRldlpCaEFCR1RTVXd1Vm1QQXhDazhwYTM4SmhjRDd0a0JKOEdwV05PV1RNWWNGck1HWWMtQnN2VmRRQ3R3X0FEUzcwOVVQd282dUpVbw?oc=5,google.news,financial
2026-03-13,HPAI confirmed in two more Indiana duck flocks - WATTPoultry.com,https://news.google.com/rss/articles/CBMiywFBVV95cUxNR01XaHR2eDJ5c0NjZVlmZ0VsVzFEX3BHMkt4Z2JPcVJpcjQwSGhUeXBPNVh1RmYzS2l2VnY4NnNPd1pIOGdoZzhSYnVZbWh1Q25pcmg0YlV5Wl91VUlseVFEZVI0TzNvVmI4N3oxUnpKajgzWklfUmJPTW1OU1owZmcwSGZ3d0dHcDZ6OFdHbW5DNE5sN2lkWXFCTWpJVlRHaUhCY0YxZnVRX1Zlc1d6SFE4aG85MjVxLWUwWGoxb05MTG5iNGRkdHRfNA?oc=5,google.news,supply
2026-03-13,Egg prices have taken a beating. What’s behind the drop? - WGBH,https://news.google.com/rss/articles/CBMilAFBVV95cUxPNFB2Qi1wbWNRdllLUUVGU3RHc0xFZlV0UnM1alVPRXFoVVBmbGVpZWcybE5qT0tNcGFDdGhJaXhkLS1YTU0wRnowSXlDOHVxeFQzdmRITkJ4REdyU1Y5VnFwS3Z6NC1hU1NiZ0N5YUVTVGFYQlZsWEY4WHFHLWR2MVVpNGRzR2JscjlaR2J3akp4QUVO?oc=5,google.news,other
2026-03-13,Vital Farms (VITL) insider sale and amended Form 4 details - Stock Titan,https://news.google.com/rss/articles/CBMiuwFBVV95cUxOQlBHNHk4MEYyUFlUTS1CVm8yNmgtenVSTnBndk82WWFMTjR6NkczS3EwcUJjM09DZzJ2NkdaV28wT0plc091VV9OVnZ1RnN3dGI2Sjh3cU5lekNtMTE1d2FGWGs3NHBoYms4MTVqemtzU0dPTGhsMFJDeWt3LUxwZFhDR2YyVkVEdExxZVN5aUV5M2Y4bGJicWxyRlJhT3lja19nLTFfZGFySG1nQUU5X1FnUmhQNmxUTFpn?oc=5,google.news,other
2026-03-12,MDARD - Highly Pathogenic Avian Influenza Detected in a Kent County Commercial Flock - State of Michigan (.gov),https://news.google.com/rss/articles/CBMi3AFBVV95cUxQM29qNmFZZ3RaUkZ1LXJ4Zkt3TmhkWUVwOFhxQTJhSjBUZExIZUI2S3I1YUgzeHo0ejR0emotSTEwUVE5WHNsR2V5ZkQ5WWo4R3g4NmNPbmkySUYxVGp4Y3pDSEZhbkpIcnI0RUNZcURsZVowVlFKLWRuRDYwY0pnOGhGcE1KYmlDaTJhT0tTMUVOSHZBY2dSX0dsckF3LS11SlNraXIxSjg1Zm5PZFJXWTlrcUFLOWpzRVI2ZXhta2tXS2stU0EtT3J2eE9raTlTeUJZU1BxZXZnOXNC?oc=5,google.news,supply
2026-03-12,2022-26 US poultry losses to HPAI surpass 200 million birds - WATTPoultry.com,https://news.google.com/rss/articles/CBMi2wFBVV95cUxOR19jUUU5blBTNU5YdlRKc1FqeWVOZHNMRmJ3a0JTVjNxWU9zVG1id084aHdWZzFZd2NOLWwtc29sbnJHQ2NZUFF4QTF1UC1pSjZ0cS04YUYwYVJnN2FMQ3RfT21IMlhDb0FfanJCWkZWa3YweEI1a1JuYTVyRHU1Wmt5RVNEZHN4VWhjQmQyNGJfc0g5RkFDamZzRmFjLTdXNWh2cm5MbDNtWmhRQldHeENGRlN3a0xLOTJVNDQ1OVlKMTVwTHgtODRLVmJfbDFyMlQ2VV95emZ2bkU?oc=5,google.news,supply
2026-03-12,APHIS Confirms H7N9 Highly Pathogenic Avian Influenza (HPAI) in a U.S. Flock - aphis.usda.gov,https://news.google.com/rss/articles/CBMitAFBVV95cUxOZ3lPRkdpSEswMVUzWG1NODc3NXY2NlNmQ182enFKV0xCS3FjRjl2WVlVRDVTTUJvRTNjUi1zQVRYaVB3Z1dHZHVXN1ZwNXN1Tmx2VzBfSVlKMTJKZVlLcTJHTmJ6VnVvdVZpMC1YT0xhay1FbGc3N1RieE5DemRrSkRONUhCZHQ4QVBJMEFLNHN0TlU3czNIRHppRURRQU95Tmd2VThnd0FXNmtCa3NTSnJfYmo?oc=5,google.news,supply
2026-03-12,Kent County commercial poultry farm found HPAI positive - Brownfield Ag News,https://news.google.com/rss/articles/CBMimgFBVV95cUxNTWZra1BUcVZqc1N1MHBpMkxNYURicmtuZUF1bXJhcW5pblMzcFNBS2tFdmkwakpZY3UtMS11VkpUcmlMWm5HbkRoc1puSUF0UWRKYzRnbUx1U1EtSnBBTlFhR0tZdnNTZzFJSlBNbXZoODBxbzhvejNWcTI1akdZMWIybmJWd3dnUWhjbG9TY0VmODJqenRsQlJ3?oc=5,google.news,supply
2026-03-11,"College of Ag Sciences, Penn State Extension, at forefront of avian flu response - The Pennsylvania State University",https://news.google.com/rss/articles/CBMivwFBVV95cUxPU0daTi10RmxPQXpINkh2Mm1GSFlKRGFoaUxqWFhrbHYtelhFN3RWb1dNUXNvWUZ6UDRzWmk4QlRXbVR6Z2NtQk9YX29pcjRKd2d2RWVsQjF6X3pUanh0VVRWeXBWV0dmTkUzRFp0c0ItWDBWWkZzaXNsRWh6U0lVZDFQcXN1Ui1zbXNwc2djZVowOUdxMTVsV0h1Q3FvY2h0MkZNU0ZJa3M3TUJSSDZ3UjdSaWZIQWUwN004N3N4NA?oc=5,google.news,supply
2026-03-11,Vital Farms Insider Makes Bold Move With Fresh Stock Buy - TipRanks,https://news.google.com/rss/articles/CBMiwAFBVV95cUxNNGZnSFFBQzUzLU1ZTDE4MGhUZlBtbEY0a2JqYVluY3ZHZ054WXBPcjdralhHT0MwSnhuM01nOGZ3UHhndkw3UXNEc2F2VFk3WWprOUtjckJoeXQ3VlFfVVdGVDgxV3J5Tk1mN3hZR0tteDlpQm4tYzkxZlBraWdRSHFMMTVaaGlzRjJtcndOS243NURWVlRKNzZyY3J3Zm1SVHdoV1RJbkhkSGVkOXJlRGVRcTVCNFg2OTVnUlVvV1Q?oc=5,google.news,other
2026-03-10,"Eggflation: the countries paying the most and least for eggs, and why | lovemoney.com - lovemoney.com",https://news.google.com/rss/articles/CBMisgFBVV95cUxQRUExbUFrUkZxX09pemtfN0NRdnVIdEpYWTVWSDlLeVBxQmFidEEyTG9lbzkxWTNjWEZBeDFjS0xYLTNWWWVWTndiMzVWbmdhVkJ0UXVYcHhuSXFWa2l3S2FjOEU1d1liSDdaRGUzTTNNMnRFWUtOei1GTG0yRUhWcGNfV3NMZkRIRzdHS0taVV85ZVlBMUZnTTF1clA3Sl96OEVIaVlnLUpVeVVXcHJ3RXZR0gG0AUFVX3lxTFBCZEg1aFFDQ1NkcWxSNFFqS1pVaVhVVjE0dlVlTmwxclJxREUwMU9kelJxLVpLMFR6TE5WbVV3X0ZnNU55VFlVV2JYTE5pbFZXS0FpbWZNb3BDRXU1MlFOUXVDVV92SmVDNE81cFdhOC00eUVCcWNWaXY2TW9BcjRKenc5Y1lNeFJqM0RWejg5YlMwcGNJUUJacFQwdmxwQUdfdGI4TmcxN1M1OWk2MmV2RUFhQw?oc=5,google.news,other
2026-03-10,"Dead birds found along Seneca Lake shoreline died of avian flu, DEC says - RochesterFirst",https://news.google.com/rss/articles/CBMimgFBVV95cUxNekxKWl81NGJyTjY4ZXpyeFlRNkFKNmpWeldXdjR0Z1YzNlBuVHRnVVViMW1FcnhsTVdRSzFzVEV2eTlGdUVvT1U0cmtjcjlEYW10VTduSUNLcFBYVmhaOHBNSzhOWk9DVmRzUXBSRmllOXJ0WE1IUEdKaE9EcHhWdXdDLS1OVW9XM3pZRThRUG1hYmpvbEtUY1930gGfAUFVX3lxTFBZbzk5SUN5T2FCVG1NZTZka0ZBMThNVnVjUGI4M3QxUmVvekt5dkZseENDQUpkSXNOQkRjZk9FZUY0X1VTRlNhbmFQYlgzVkJTc1dGN3F0VTZNZWVtS2JQUDFQN2U3WDdWWnp0aU9JRWFDV1ZtRlB3anNCX19aV2ZBbkgzQTZZTnhIdm1nbmw5ZW0xNXc3MGY0b2FzY2hZdw?oc=5,google.news,supply
2026-03-09,How The Vital Farms (VITL) Story Is Shifting As Growth Targets And Margins Are Reworked - Yahoo Finance,https://news.google.com/rss/articles/CBMigwFBVV95cUxQV3dMUEtieWVMQjNScDBNNWczdGo0R1FCLTFIYlZLck1kemlLcmtROXlEWUVUOGVyYVBVRHFKbW9TaEpTVmhEYUNfNmFJbGNFUUtKNjl1UnpmQk1HSExJWmVQRVB3Um9sM3BCOHkwUEtfdXNkVF93QXFTLXp0LUNSTnpBYw?oc=5,google.news,other
2026-03-07,Vital Farms: The Egg Story Isn't Broken (NASDAQ:VITL) - Seeking Alpha,https://news.google.com/rss/articles/CBMif0FVX3lxTE5XTmFkbFk2aXpMZC1nYldkTk5SRFlrQUxROExrMmpUaGN4Q2VTektOY19Cb0tZSUZKb3pBWHNkMmF1cm1zaE1YQll5TUI4Sl9XeTg2Zk5LcWo5Rm1WbV84dGk0ZVFGMVNSeDJId3Q3RUdXVkRpWXlCUzI5dnIyaVk?oc=5,google.news,other
2026-03-06,A(H5) Bird Flu: Current Situation - Centers for Disease Control and Prevention | CDC (.gov),https://news.google.com/rss/articles/CBMiaEFVX3lxTE5maC1Rb3ctQTcxOG5XenBoQzVEa2xNMGpXaEp1c1pVQXo0NnlUVXN3ak9jR05iSnhhVG9fSC1leHdDY1lFS0pPUUZQeXo0R0Rza0g1bkdEbTd0WjJkLW1VSFhtaVprZ1px?oc=5,google.news,supply
2026-03-05,HPAI hits Illinois poultry for first time in nearly a year - WATTPoultry.com,https://news.google.com/rss/articles/CBMi2wFBVV95cUxNSTVlN1RZOGZTUUY3RzczcDhzUnFKSkdZNW15cmx3bWcyQnRRNGphd0tQaG5xZzF0Y0JSQTFsQy1IRFFsR1VIZVU0T2RYZlhtWjhLbGhMMFlQTHlqYkh0MXRxTUxnVF9BSkM5Rkkza25yckt0Uk1EeTJYNnVfbVdnMnZQRDNieGV2RXJxLUZGN2poNTVFR2hOT1RTQmIzb2pNR1VUbWNWTXpWZkRrRExGbHpzbEJJc3UxdC1fYnpYb2RqZGNsWWJ1TlhhN0gzZlg4Y1Q4alhYcVlJZjQ?oc=5,google.news,supply
2026-03-05,Britain commences first avian flu vaccine tests in poultry - WATTPoultry.com,https://news.google.com/rss/articles/CBMi2wFBVV95cUxOTE9mVk9iaE13d1pES05oT1hwWW1DV2otdFZ6MXNhVGY2by1ldks3Q09wVjNUbDFiRmdEWkNVelJWb0VJdzdKZXFJZzVyZGZWRXZnNnFkeTdCZ1NQT3MtUVlILVc3akR1RXBsSVNwZ0ZMdDlpcFJsalVTVXIwVGhLRURBSU9GNjJ0ZjZoenZiQU9tanVsVGU0dFV3NWFFUjlfWG5pcTV6WElicUNZLVB2VVdzSUF4UkU4Nk1RMHVGZDNMczZZUXJWb2dsbHdjdXNKZzRLODlTMDM2LUk?oc=5,google.news,supply
2026-03-04,"Partial culling and HPAI control in poultry: insights from Lower Saxony, Germany - Frontiers",https://news.google.com/rss/articles/CBMinAFBVV95cUxNeUpqWmo2N21OdkgzbHROZXRWZS1qbHJ6MVNIck92SEwtamRieS0teTFnM0VGNXJjTl9wa3ZxN0EweWZRMGNmUU1BdmhzTUlZYXJHbHJlVFM3ajBZbldMY3VDbkE1UGhfTVVqSWJQNnlfQ084OV9XR3lQTlBaYzBmVkltQ2o0NktqN2ZsMnp0T0dwTm11SXNZOUExYlc?oc=5,google.news,supply
2026-03-04,"Insider Purchase: Director at $VITL Buys 4,750 Shares - Quiver Quantitative",https://news.google.com/rss/articles/CBMilwFBVV95cUxOdUpud0g1UjdrY25ZOVNGdkMzZHFoalRyUS1pUWVRNzZpRHRISjdScjdMZnpNNjQyS1FVTzNhNWQ0MEN6blhaay1NNS0xeWYwSmo4WUNzeXdhMnQxcHJZel9fNjFwZ3lKMDdEdkdqM0stcGZmRHY2UFNybDlhb3hnSE9xRk1VY251cWFiRF9LcjZsdGhfSjdv?oc=5,google.news,financial
2026-03-03,"Vital Farms, Inc. (VITL) Rating Cut to Hold as Q1 Outlook Sparks Uncertainty - Yahoo Finance",https://news.google.com/rss/articles/CBMifkFVX3lxTE5FaUk4QTNpMXZaaGtTaGNIWUR5OW9MRll0WF8ybkRxY1EzRXVRdWs3eW5hUDZ1aUZld2FtVjk5NmNYR3V0cm12bjhINUVQUTdRR0tMUzVHVnhSOXRveFdXOG1HNTEzVktXT0JkdkIxX1BGTUozUWNHTlpRZ0EzQQ?oc=5,google.news,financial
2026-03-02,Six new cases of HPAI confirmed across Indiana in the last week - Brownfield Ag News,https://news.google.com/rss/articles/CBMipAFBVV95cUxQcnZlNFhxMXhNbWJwUkxOc2VLOHpTOTdoZXBEWXpYV0toek9kWmhvdF9XV29ZQ1JBZS1Sb2M3RFg0cEZvNEcxZjRiOXluT0RidDBOX1BxeVpyd1U2QzFtdEJBZmFCRFYyMnVWUUlSLVpZUEF1aC15eFhHQmx4Yl9nUzNaWjJiN3hkR1dWNThrcVVhUnB0aGJJODMyNkVKSjRoQVp3dA?oc=5,google.news,supply
2026-03-02,Why are eggs missing in Mercadona: what is happening and when will the usual supply be restored? - La Voz de Ibiza,https://news.google.com/rss/articles/CBMi0gFBVV95cUxPM3JEWVJockdoX3lDSmYwR1hlSWNnTFZISE02WjdoYWJpbHNqb1pRdDRVQUdrSHdCUjNqb3E4cDFxeUNoZk5LU3dUMU9OT0hwaTIzM190MG9RNEtweGpOMWJUMDVhOHY4aDdqSHo5OHFrcUNZQkhEaDhFYTQxdEtYZERET1NtRE5GbVlYamdhbWlfeWNpUEpCRGZTc05GWE9CMVZmSDZNWVo2Z0VnRjNFSm1reHI2dFMtcjlVa2Y5NW1aMzJJNE1WQ0N3RUxGUU1aaWc?oc=5,google.news,other
2026-03-02,Vital Farms (VITL) Is Down 21.3% After Cut 2026 Outlook And Leadership Shift Has The Bull Case Changed? - Yahoo Finance,https://news.google.com/rss/articles/CBMiekFVX3lxTE02d1oxdFpsb3JjSDhpdVZBMnFpOWlrTkFGWDd6X2gya0syd0lyYUoySGFvbmFkRHVxRmF1RFlvUGN1NFdVenA1b0tCMGNrNGVrYTNac08yWkJEZkROV3NlcjltZlR1T2xFM0FhNGdhQnBHWC03RjZ1eGhR?oc=5,google.news,financial
2026-03-01,Has Vital Farms (VITL) Become More Attractive After The Recent Share Price Slump - Yahoo Finance,https://news.google.com/rss/articles/CBMif0FVX3lxTE1aVzlsaXc3VmQwblF0NDhYbTdLa2RtNExLbkE1N2lEdVNJb2Y3bzJIc1FJRFFpdG9nY3YtQUwzQ1J4bVM5S1Z4ZjQ1WHl1ZlFjNG85dGNhb3E2LXNCa3RTTXktaE5PYWRZcFptYlNfRktXeFo3QnQzbnZhOHhyS2M?oc=5,google.news,other
2026-02-28,Vital Farms Still Plans To Sell Many More Eggs - Seeking Alpha,https://news.google.com/rss/articles/CBMikAFBVV95cUxNT2tBdWdrUjJHbjVpbnlReE1adk9hU3k3aFNNZmdIZFRlaGo3anhaTkcxOTlyRThudWpYYmFCb2J3WVNVLVZVMU9pU3JieFRsSi1MMm5WZW1qM2phWXdwNmVCZ3E2Nktic0pJVFgycGY4RjlPSDJTcmFPYWVrTUVkdHhDRFpYVXZtVnlkbFMzT2E?oc=5,google.news,other
2026-02-27,"Vital Farms grows farm network, eases supply constraints - WATTPoultry.com",https://news.google.com/rss/articles/CBMioAFBVV95cUxPUUx3LXd5bWhRZElza1lhUkhfMmxfV0FkWGllbjk2MmtTREJzbGtnQWFJMHVxZ3FZTUJtMWtzQ1VIbHZvUFJUQi13NWlXcGxGVjQ5UExoRHlyaG01RkdQdXNvRkdKd1lkYVVKRGhteFdOaTNmb3ZrMnFnTlJpcnluSE93eVB1NW1vd3pJYVJtTEpvOWxlcGYxSC1NMnlNaS02?oc=5,google.news,other
2026-02-27,New Analyst Forecast: $VITL Given $24 Price Target - Quiver Quantitative,https://news.google.com/rss/articles/CBMikwFBVV95cUxOZnl1NFB4ZzdZWXNicF8tYnhuNjBvbkxodGFnSVdQQzJCYU5TNGVJQW1DOTFxUTFrSWJwZ28xTFNOZTJ2dktPc2VHUlBGQ3B3RUlKMGFOQzdRcGdVQ0RiMi1YNlNjSnBFXy1SdUVWcmlIWVlnSVBOY0kwYjh2c2RUVGpCOXNOaS1jUnZnalhDOUxnWW8?oc=5,google.news,financial
2026-02-26,"Vital Farms Posts Strong 2025 Results, Launches Buyback Plan - TipRanks",https://news.google.com/rss/articles/CBMisAFBVV95cUxPQ2tQaWVGUC1ORU80WnEwcEdRMExYekIyelYxMVpxZkRQNzdtMndsVWR0OWVhcjhPazVMdHdKQ0sybFlSdEZrQUxtbVRHeGwzYkNFUEZkVTBjaXNMbVpHaGZvelFQWmtXTFUyeFhPNzhGSURCNktIUGFfQ2NEMUJsOHVyS3FyNzRXT05QYVUtd1VDYXFfbFFidWVaT3ZVYXlBbFBVSl9YTkJ0cWdRV3dhbw?oc=5,google.news,launch
2026-02-26,Why Vital Farms (VITL) Shares Are Sliding Today - Yahoo Finance,https://news.google.com/rss/articles/CBMifkFVX3lxTE9YcnhkZVVOYWptUUVnT2xWT2xIWHhCbjhWanBsU29SbzgtZ08wVzB6TU04S2V4b2Nuc2o5d2RUX3FjOHZPRGxFUUE5ZUl1ellCbldkYzI3VEp4VmM5UGxhcU5lSkczRWhGZVJrMTZpR0prS0Z5RFpnc2Vnc2h3UQ?oc=5,google.news,financial
2026-02-26,Vital Farms (NASDAQ:VITL) Reports Q4 CY2025 In Line With Expectations - Yahoo Finance,https://news.google.com/rss/articles/CBMigwFBVV95cUxQeFFXMzluaDl0ODVyeDFPOFZjUnZjbk9qcHlFY21vU056djkzSzVKMTBTMDNhTmMwM0NkdlBjLURtcERaM3FnZEJwem1HdENlY0p1aVBON3NmOFlma2VlRlNIbGhicUxid1VsSktSM0p1bXhyc1g0LVYzNTdJX2xWZk9PRQ?oc=5,google.news,other
2026-02-26,Vital Farms Inc (NASDAQ:VITL) Shares Plunge 18% on Earnings Miss and Weak 2026 Guidance - ChartMill,https://news.google.com/rss/articles/CBMi0AFBVV95cUxNVnhtcTlhZS1IVS05dmg1cVJsUXVYWERtM0w2MkN2VUlTbzRtbWtYMkFnZ0oyalMyMUJWWG9GbGNMR2V1Q0IxWlJ1OFNvdGtPUm5NR3pfNHJwQTFrWVdnZDV2YWZZZFhvcmJvR3U4SG51OE0za0NWYjc1U1JZWDVlbjdSa3ZuRGFNdmhqbDJIbFl5RzBiWW5XdEFJQjY2LUwteW04a3FUWUgweVd1NHl4dEZMbzlENlEtenUyNXUwMG4xNXBpUDA3dkVkck13clhM?oc=5,google.news,financial
2026-02-26,$VITL ($VITL) Releases Q4 2025 Earnings - Quiver Quantitative,https://news.google.com/rss/articles/CBMihwFBVV95cUxQZG5xNHh6UFZ2MGQwRmFMN05tREx3bXUtOGFvbWVzaFJJc0R1bU1DQ2ZEYjRIUExSVjdHam9sQVJGWEhzTWlhREhndlpBNDBaX0w4MGpNQVhNNmQ5b2VXUlNOZ3ZHQWlFTkJFdk1TNllFZDVCOC15RE1WaXRNVmhyRmt6M0dYeG8?oc=5,google.news,financial
2026-02-26,$VITL stock is down 18% today. Here's what we see in our data. - Quiver Quantitative,https://news.google.com/rss/articles/CBMiowFBVV95cUxNQWFudnJZeklIMGRFM3p0OHJPUVowVmdvOTZRbzhiMTB1Q0VoLVJsdWhrbFRLU292MkdZZWlZVE1ydnRkWXRvdmtia1c3dkE1LS1BaFBWYVpkR1ZVSWJOVjNjaG5yeEpPMFY4eHRsakZVQndxX3ItYUZPaVVjRFVyWFRZWnJsTm1WTTZxTVo0V3BCZVJBci1sY1VvcUZkUVo0eG1v?oc=5,google.news,other
2026-02-26,"Egg brand Vital Farms posts record 2025, launches $100M buyback - Stock Titan",https://news.google.com/rss/articles/CBMivAFBVV95cUxObHdKc0lwb0Q5UmFNZ1pNUk1OcWxzN0QyOEJlajJRbVlaWllEb2FPVGNYT1BVNVZIczdCNWpycGlFdENPR2VtblJXdXJGX2dEYjFRRVVNVGg0d1VqRVlGMXhrbmY5WkdSaE9vMDk5UG4teG44TWF2Z0luaWVXd1AycG93cU1fOXBUbUY5WTVDN09rcW8yLWJxSmFybzNuQmMxUFR6eE9KR2tvN1A1MVF2Q2NmUW50NEIwc3dlZw?oc=5,google.news,launch
2026-02-26,Vital Farms (NASDAQ: VITL) posts 25% 2025 growth and unveils $100M buyback - Stock Titan,https://news.google.com/rss/articles/CBMipwFBVV95cUxOdTU0NjB2MlNHUXVieG5iMmU5S2Q0S3laRHNWMEdMUkNCWGNHRW1YMmFzVm41V0hPS1N4cG9TeWZCLW9KVWI0TWdXRFBzNVY2WXBoWWppOS1MN09aTVdqdTYwbmZNV0x4Qk5tTEFxZGpCTzB5NnRHbUtzTFQtak91dHVHUHNNTWFkcEZSdHRaRVNFTUItNG5KbGhsVjh2T0Z0Rno5UzIyYw?oc=5,google.news,other
2026-02-26,"Vital Farms' profit comes up short, sets FY26 sales guidance below estimates (VITL:NASDAQ) - Seeking Alpha",https://news.google.com/rss/articles/CBMisgFBVV95cUxOa1hvQ1d2TmZyaDUwdHVUXzg2YzhjeFUtSE5ocGdFUFZSN3NnVnhIdjBEajI1dm9Sd0wyS1M1NDJqYVlONEhBVlVISUNLZ1NkRGlIRDRKT2g0aTZPMThwcTlPNFJoZFRWamk0T3laaTZLd1hrVk0xV2cxVDFFNEdVSDc5OFVrSlVjdXNWZzdxVTNaZWtmTXlnYkd3VmlBQUFrS1VxblhBbkJzLXRwc1BYbFF3?oc=5,google.news,financial
2026-02-26,Egg brand Vital Farms hands board reins from founder to CEO - Stock Titan,https://news.google.com/rss/articles/CBMivgFBVV95cUxPcVFaUzZ2RzFiVjdRODkwZE13MW4yN21nRjlhOHV5akwteVNCSlpMaUZPaTRyNXA3Z2FVcl9saG93UXFoU0ZIQnc0QWFaamR6RTB6d2RMQnBRQXVLQ1k0RVhpMXRYbUxKeGhHb0t0a1VrTS1uNU1PYkhKTFFFNF9jdGpoUVNLR2VpMld6dGlpSUZFbVZHSHltM0tCbmlfS19CaDJPM2VlQURKVVFvYTFNeFV4cDlKQWRyUWxGcFRB?oc=5,google.news,financial
2026-02-26,Vital Farms Reports Fourth Quarter and Fiscal Year 2025 Financial Results - Yahoo Finance,https://news.google.com/rss/articles/CBMihwFBVV95cUxNTV9MR0ZLRW1LMG4xVi00LWxoZDF0OU1aeFlfbUJ6M0hQaHdobHBleG9XTTZJeXBHR294enk3aE5vRVc1OUpxVWZEUzhoUW9FQU5nYVdPX3M5M1Jta3lHOU5zck9wcnRhb2FnUlRvWEZMMENHZUlzdDR1aHNwWUtDVWtVTjg1SkE?oc=5,google.news,financial
2026-02-25,Pennsylvania officials discuss HPAI fight with farmers - WATTPoultry.com,https://news.google.com/rss/articles/CBMi1gFBVV95cUxOVzAxM0I5RWVQZHhzbVBoVFRIRUs5RmtjUndXRlNWLXB6ZC0yb196RGdyTW40N1NjS1BpNTB0S09JYUk5U3lwU09RUEhZellZVkxndExQN3lpb2QyZTd0YVJVRDhqVkk4M1NkcjQ2R2JsSUVjOUZUdVdSck14eFdaUkhfamxfMGpZUnBReGQ1VUlQemszQUNVYmNCRUE3cXhMa3lqdU1sNUVqREhvd0dtWk1Ud2psVmUxbXd4SmNUN0VrcDJmYThGdzdERkJiNk8zTFRtODVR?oc=5,google.news,supply
2026-02-25,First Cases of Highly Pathogenic Avian Influenza in Northern Elephant Seals Confirmed in California - UC Davis,https://news.google.com/rss/articles/CBMixAFBVV95cUxOWjE3cVR1SFlpTXU4RTB2QXdOd2NfeGFtbFdVMkI3bVFLZEFyOXRaSG5oNER2ekRfMDBiYzRTU25Sckp0TkNZcDBJVWVFQUtRTEJ5Q0xWck50dkhPY1ZDZmxaOWtPeEVpWWpzaVUtY1BwT1IxVFl2TDZPQ2UzNl81WDVkY1o0MTlhN1pubEczLTBuRldUMDA3Y2RYR1JVQ0NfYjhlbEkxNDFfeHl5OFprem1ucGdUU1BUTnFZV25pUGZTbmJL?oc=5,google.news,other
2026-02-24,Vital Farms (VITL) To Report Earnings Tomorrow: Here Is What To Expect - Yahoo Finance,https://news.google.com/rss/articles/CBMihAFBVV95cUxObjEyTVFVQkg2VFJxcE5HSTNROW5xSFg5QklfTk5qR0lZUThoX0lTZVNfbDY0SjVoR2hmZG02TTFJUjVYSHUxUF9lTXBLeEdkbktDVjVicDltLTVJbjVDUVNuNV91WkxwQXZHbTFWdFJzZnp3aWFudk1lYzFBa3BQakpaY2M?oc=5,google.news,financial
2026-02-24,South Carolina has first case of HPAI in poultry of 2022-26 - WATTPoultry.com,https://news.google.com/rss/articles/CBMi2wFBVV95cUxOeGVrb1ZwLS1UREJvUzVZMUtaemgyNk9HRldxVDZaOVY5QXBxeVJQQ29LUkl3NElva2pfYWpQalhaZnFGd05Tc2pmZ1c3UWViR0ZXQXNQRXBST3RHSkR1Nk9rOWx3MTE4RDZhWEFTaHE3dHJWTUVNYmdZTE0xRkhfUlBaZXNKMTUzYmV3cUFSNVV0OVlSdTRKV2llbFB4bkpHZldobG8weWRoNkdhdjd5S25ZdEVURnY4eTZETXpXQUNtWS14VkpaakxEOFExNUloczE1bmxqanlqak0?oc=5,google.news,supply
2026-02-21,Vital Farms Executive Sells 20k Shares Amid Social Media Backlash Surrounding Company - Yahoo Finance,https://news.google.com/rss/articles/CBMigwFBVV95cUxQRzJjQXdxUzZJT1A3bDV1UlcySWM1ZUJRdzkwc3RmZmVBbDRZdS1la2JZR0pUZGRaN19aQzRZbXFpY0FWZk1pVXFuNmxmSlhWTnNwaUZfdVZuRF9Sak1jWDBCM3I2bVlGS0ZLdDZUMmlRMm1qTmNvbnZJdFlWODRad1I2MA?oc=5,google.news,financial
2026-02-20,Vital Farms (VITL) Stock Falls Amid Market Uptick: What Investors Need to Know - Yahoo Finance,https://news.google.com/rss/articles/CBMif0FVX3lxTE55WVFkNTN6LWFVY3NORHVjYmx1bFl4Wm5UQVJZMFhVQ2NNOXZnVDh0Zks0S19IeW5RSkNwQk50VGMtdzhOTGJLZENEWGY3TTExUGxWMHByU2FJcTh0QkZ4TmR6eExWZUNIUzl4dXcyNEw0aDhJNU9DLWo1UUc4WmM?oc=5,google.news,other
2026-02-19,IN BOAH expecting HPAI to be a challenge for the state’s poultry industry in 2026 - Brownfield Ag News,https://news.google.com/rss/articles/CBMiuwFBVV95cUxNdFZ0bV9PMVkyRVVRSmRYX2VrYzFSZ2RIMDZncUJtQ09KZ0dFT0hzMlBFS1l4aXBoSFZ4U0FSeUR0VkhmaWhNc0h6ajI2b2VzRVNRYVZQdDJfbEduV3JMSTZacDZMRmVNQUxzY2FxbG1LbXUxNjdydjBlVHJHWTdqbk5KWmpYM2xac3VKRGt6M2RuRWhwS3BpZEFadkF4VGhISF81T0xic3RsLXM1WXBuaTNDenpELVkzcm9V?oc=5,google.news,supply
2026-02-19,Shapiro Administration Deploys Additional Resources to Support HPAI Response - Morning Ag Clips,https://news.google.com/rss/articles/CBMirAFBVV95cUxOQldia21OTURucUx1dTJJcUZOeWt1Z1JaUmRuWkhGRzRTUkpvTU5PRWo1VVVxNGx6bWtqdFlJTDhpcGNNZ0ZxRWNlTnhuVk15MmhFLWtMWjBEZXQtQkplOFRnem80d21ZQnpReXludWdXR1UzcC1IaWlYYy1SSURMb0U2NS1JTUpTM25DdUJkN0FSeC1hQkptNXVzZ3BYUEhNdko0d1dCVlB5YlFy?oc=5,google.news,supply
2026-02-19,Multimodal sensing technologies for HPAI biosurveillance in poultry production systems | npj Biosensing - Nature,https://news.google.com/rss/articles/CBMiX0FVX3lxTE81VFRXX0QycUxWZEtnUjZVLXJPVnUyY3o4aHBsT0VTaTFhZ2FKOUZmV3NIVmhQQjIyRjY2bTdwN3pyUThLTXI3VmlqSFRpSHFPS3o2cS0yelF6cFZRMWhZ?oc=5,google.news,supply
2026-02-18,6 Reasons Vital Farms Eggs Aren’t ‘Ethical’ - PETA,https://news.google.com/rss/articles/CBMiX0FVX3lxTE5BUVJRck1kcE5MVjVkdnIzbDBoeXd6bTFuQ2RvdTltaXQ2bWdrMXdUSWxrUTkwTEVuSXB6ZTB5ckJVYThrWmxmZkEwbE92QTQxbVBDZW1KSjJqSDhNSmtJ?oc=5,google.news,health
2026-02-18,HPAI once again suspected in area waterfowl deaths - The Suffolk Times,https://news.google.com/rss/articles/CBMinAFBVV95cUxPQjktS3BqY1p3cl9RNlhqZHpRZmYwV2NuZUxYQ3ZSbUp5ZjAyaXJHdjYwWjFxVVBaRXJxaGVJMzRvV2lFUmlmZVhSWVgzdVlMcldQZXBDUTU0NHc5MGl0cTNXaFA3eDZyTjZENDJCalpTUmt5YXdZaUNzd1F5YUpGMXRxUDl5MnFzZHZUOVNPUnA0WEpRendYMmo2akg?oc=5,google.news,supply
2026-02-18,Avian Influenza Update: Report Sick or Dead Wild Birds Online Using the Wild Bird Disease Reporting Form - New Jersey Department of Environmental Protection (.gov),https://news.google.com/rss/articles/CBMi3AFBVV95cUxNMkpJdTZ4ZHlzSm13WHkzVkRSUi1iUHNpZlFJMHRYNlczeHhTWC11V3MyLUViNm9PQUJlbHRkTk9xQkt6d3NOTmZMbFZPZmM1VzZEcHN4Y1pFTmtyN3RkUmN2a0Y2QjNZM0daZXRJR1EycncxWk9uQzdoWmFBY0gwVVFYNzFoQ08wZUVnNjdOOUdQR2tucWxsU3lmY1RJZ2cyb3E1bzladDB6WG1sNmh5NkFFV0N1d2NwQ0ZKN0RqVS1KYzNiN0tfaUp4OEd3THlVZFpLVDFWclktdVFG?oc=5,google.news,other
2026-02-18,Researcher Earns Nearly $2 Million to Fight Bird Flu - University of Missouri School of Medicine,https://news.google.com/rss/articles/CBMiiwFBVV95cUxPamI2VVV1TE9Ga0RwVVpkNnlyaTM2cExqclVSTGhEOGxUNEpLZ25ieGJDbHdjRWJib0g2eDU1anZWal9hNHNGQnJGb0p5aGRSd0dLTXMwOHRKbm95MEd1MGEtNHp1VlpTaTZOT2VZSWh1LTFfbkpSQnpoRlRwbFczTnJmSTJaQ1dJOWhZ?oc=5,google.news,supply
2026-02-18,Pennsylvania HPAI pushes egg industry losses past 150 million birds - WATTPoultry.com,https://news.google.com/rss/articles/CBMi5wFBVV95cUxNSHNac0NPTXVCV01OdWZnNDdvajBNUW1DYnE2ekpxOU91MUp5NzlpeVk4bXFjbHJ4aXdleVUzY1EybUY4eXVsNzFzbFRtNWxiMUlvUUQ2ZUlzbngyb1dmOGhLcmtsVVVvM01SY0RYMVNFQ2p4SzZYc3VVWnVUOHp5enU3QlNFUUZiclJPTGwwWkQxUG8wRUw1YllWQ21rUDVfV2tnU0JIY0U3Y25ocVBEVHBKZ2hwUERiVHRWQ2tmNVdacExGSDVKdk1uX2pUYjhDYkVhNEhudk90UE1yWV9abVI3LWhFZlk?oc=5,google.news,supply
2026-02-17,Far-UVC light could stop spread of HPAI in poultry - WATTPoultry.com,https://news.google.com/rss/articles/CBMizwFBVV95cUxOeVp3TDZhUzNmWFlxVGFuTEdEZ3FVREc2RWpvY1JFdVExQS0xVlJEZjVDQUNUc3paSkxGVS15ZGFzSUhTd1JuYXJpLVpNR1VINkxiN09vMWhZMzRtcElFOUxKR1B4aWtsYzNMX2hSWWVCaG1SS1hseHl5S3FoQkJYUmFDVHo4VEIzRnVQd3JCRkZxUFZqbHZvbktyRzZ3UGM1cWtDUmpBdEk3WkVEUnhQalM2RHpZWFpvcWktTGt3UmpfRDhNOF9QT3JyeGhwMms?oc=5,google.news,supply
2026-02-16,A Look At Vital Farms (VITL) Valuation After Mixed Recent Share Performance - Yahoo Finance,https://news.google.com/rss/articles/CBMigwFBVV95cUxQSWh1cUEzU1Fud3dzc29OZ05ab1EzNXBkdmo0Y2tyLWo0OEdKMlVYZGhDMTRhc1pKbXVzTXh5ZU0zNjNLUWh5TWlfUlpkYi10bXh0V1lRZnItdVp2WVJ3dm9QMFhpNHpkbmxVbXRwd1psZEc5alhLOE1pT2dOaFhIT2RCaw?oc=5,google.news,other
2026-02-16,Canada completes month with no commercial HPAI cases - WATTPoultry.com,https://news.google.com/rss/articles/CBMi0wFBVV95cUxQSGdQUFFvV2xsUFdhQ2RvaHpJVzdJNC1LRndsYUprQl9BRE9XTXQtMXhJNHgzNU1NNW1mbGZGaS10VUVxVm4yZHBPWkIzR3NiMFBKRHBsODZydm9NaHhLUk5vZ0tpem81Ty1NVnJHNjRrZGVXdTFOanFuam93WEhBU2lhdGlaTGtfVUlsYTdOaVQxZHB3S0ZhMTJ6YzRjQ25wY2xsb3lNUDdXWkx3WC1nWVQtV3lyZG5zeC10c3h0b19zWHh3N0NSRERRSTMtZ3JJbTNj?oc=5,google.news,supply
2026-02-16,Vital Farms (VITL) Faces Short-Term Pressure Despite Continued Demand for Ethical Food Products - Yahoo Finance,https://news.google.com/rss/articles/CBMif0FVX3lxTFBLZ3dwUnhIUUZKVmtiV3U2cVQycEctSjNja2Y3RUpQM0ROSXMyLUtFWkE4ZzdwTlBkWXI5S3N1VjlwWllweVp6ZFgzUTB5c0tsM0Fhd3pYdTNOWEFyUlIxZDRPWkFhYkxiclpVNGQ4b0NFWmQ5TGNsMUI2Y2IzdVU?oc=5,google.news,health
2026-02-12,Certified B Corp Vital Farms plans Feb. 26 call on 2025 results - Stock Titan,https://news.google.com/rss/articles/CBMivwFBVV95cUxNc19wbURZSTQ3bXVVNVduOC1lZHI4TTF5cl9BckpBa0k2WE9OSVA5ckxGWkd1S0JNcW13MDlMSWluWG52dk15V0ZrNExENmZkUnJXWEkxanRwT1duNGxiclNOS2hRSmk4Q0JwSFh0NzV3bmlCSS1EY1REMTlkRjM3NHlBSjB5VGdNWXp3Z1NMWTllZXJxSnd3aVFBc3NXcVR2MTBfSUJSUVA3TDZYVkJzNjZOQU5OSFhiUUNKdURFQQ?oc=5,google.news,other
2026-02-12,"Here is What to Know Beyond Why Vital Farms, Inc. (VITL) is a Trending Stock - Yahoo Finance",https://news.google.com/rss/articles/CBMifkFVX3lxTE1Wb3Z4YlF6MjJId2phMHVIR2lwRXh5bjFlbXhkSU1TVmM2eUZGeWkwcW0yd01rWS1CcEY0MDF0YlRWUEVYc0ZQakg2cFVCMWwxYnE0RWxHdFh4NmQtZURRUHRXY2RlRTRWdC0tU0xHMW5jdGxwamczeG9xVW5pUQ?oc=5,google.news,other
2026-02-10,Nature Comms: Assessing HPAI-H5 Transmission Risk Across Wild Bird Migratory Flyways in the United States - Avian Flu Diary,https://news.google.com/rss/articles/CBMif0FVX3lxTE52S2pabkFBU21WVDhwTGlUTVMtaUY5b1dZd3Q4MV9RcUYzSzE1dlRxUEF4cWhDUlRRblVPT2FySzBkMzRocXdiWk9rR2ZxcDhSbktDeWhzemdBSnEtVUtHdXNxTEQwN1FfdnRKMldyOVdDd2hpdHcyYUd2S1k4ZUk?oc=5,google.news,supply
2026-02-09,Vaccination against H5 HP avian influenza virus leads to persistent immune response in wild king penguins - Nature,https://news.google.com/rss/articles/CBMiX0FVX3lxTE16M19HMlB1ZzlEZkRJdHVZS0NBNUcwbV9ubG1YM3Q0Y2hCaVNkeTQtNU80SFZPaWlqUWVHcTR5alItbGRlT1dLWmtmTGRUQ1dHcUNnNldBeGgwYnhGNlVR?oc=5,google.news,other
2026-02-09,Highly Pathogenic Avian Influenza (HPAI) - Morning Ag Clips,https://news.google.com/rss/articles/CBMiekFVX3lxTFB5ZHN1WkN1RGVINWtIaFpLZjRmRkpfZzhEbVJ0ZE5NMVJ5dXVoZ2ZMZXcwWlM5S25PT2VsUzNRZnFKbVVpX2JFRFlaeExodFk4eWQ1YWZ1S1RtdVo0MkhPLUUwcjVkVFhPdXp5eUJZUWU5ZEkwekZOMzN3?oc=5,google.news,supply
2026-02-09,Assessing HPAI-H5 transmission risk across wild bird migratory flyways in the United States - Nature,https://news.google.com/rss/articles/CBMiX0FVX3lxTE9JM0dNMWNHLVVxU0poalhqMjZ6aHRCRUFXdzdtY2JqbVFtV0RBOV8zRkRXbElhaXQwZWF6LVpSZVQ0eXF5dTQ0X0JwUmFZVU0xV2pKR3VwTkNRaFpDSFE4?oc=5,google.news,supply
2026-02-07,Highly Pathogenic Avian Influenza in Dairy Cattle Story Map - aphis.usda.gov,https://news.google.com/rss/articles/CBMiuAFBVV95cUxNaGdVNDVyVkdtaG50S1RRaGdEWERQbTlzOGltWUdKbWRlSms3THJsVUYzazdjUG5Pai1pM3BlX25WY1dtWjAzYXFsRGF2YWI3czZFSEhVLWN1UlBxbFl0SzMzUnByRXJ1ZjNiYWdjbkd2R3R4cndaYVM2Qkt0Ylk0RnVsYmVLRzFnRnFYcUFZOE45U3Y1UFFMQ29MNHk2eGZ1NXpOZlBMMERRM3JzZ3RRRUwyMmZEVEJZ?oc=5,google.news,other
2026-02-06,Enhance Biosecurity | Animal and Plant Health Inspection Service - aphis.usda.gov,https://news.google.com/rss/articles/CBMivAFBVV95cUxOU1RjTm5Jbm1ZT2lYMzhYZjB3TTVjRDVHaFMzTWdKVlpaVWh3LThNazdxUjl6YmpzaTl6ZzEzbTVSRjBZYXRhUU9sU3p5WEhPdEVlUG1VR1pReGwzMlE0VUk5WFdLbTk3MWY0YWpEZXptQU4wcEFyay1leTVJYmN1aFZJTUdQLTFQR3htX2RvWTdhTkNBMXZ4cWszTzF4WGwtTE1Wc19hODdYQ2NCY1lpMjA2WkU5aGNEbkpYNg?oc=5,google.news,other
2026-02-06,Why Vital Farms (VITL) Outpaced the Stock Market Today - Yahoo Finance,https://news.google.com/rss/articles/CBMigAFBVV95cUxOUWxlZFNsYnpBZHl1bGdzUGJXLWVmTW9nNE9NV3VYLTljZUcyLTZFa2hQWHd1NnJWNWUwV0NJeGJFRHUwVldDaWd4UVJpYTU3VXVTUUViOHpENWVTTVQtelJ2Tnc4bUVxeHdlbEx1Z3FWSDNCQmJXUWRHX0MwZFVtcA?oc=5,google.news,other
2026-02-06,Secure Our Herds | Animal and Plant Health Inspection Service - aphis.usda.gov,https://news.google.com/rss/articles/CBMikwFBVV95cUxOTFVISG5KbDhOdkM0ZW5oOGtSbXg5MEFOeDZMTjJ2NExoUmRwZ2QxM0ZkUmxYdFZVMm45d0UyMWV2VWlsdjlzN2UwblpwYTVwZUNQMWZydkw5RW9tcF9FYXJpN1d0UkZWSkVKX2Yzd2lwLWk1STAybnNybUlIXzZlZDBvamYxMFJqbjhXb1J2UFNtODQ?oc=5,google.news,other
2026-02-06,What is avian influenza? Fast facts on ‘bird flu’ in the U.S. - AgriLife Today,https://news.google.com/rss/articles/CBMiogFBVV95cUxPbEJjcVZJUG9tU0JuS1NYdWMwUDNHcUZGSGs2blRmWEVDc1M4QWNab2FQNjlVb1pnM3p6SUlfcmZoYkY2OVQ2eEpBSlN5dkRHM1p1ZFRWWUM1SENhQURkYTV4NUlKc2NTRjR5U1kwMkJSRHdwZkFpdzdSRUpWd25xV0tNWDVlU21xemZrNjJvVFR3SG9JS3RGVldPazJIeXdlRnc?oc=5,google.news,supply
2026-02-05,Sedgwick County Zoo increases biosecurity after bird shows possible HPAI - KAKE,https://news.google.com/rss/articles/CBMi4gFBVV95cUxOVV8xa3QteHdWaXB3M0Zjc2pfalhwTC1Kb1FOb2dZZGplcnpJZ05LMG54bFNncjFHRHhwc1V5RUlPdmNfOW54STc3MFZZa3RjOE9mZ2prY0FZeGFwbHJWNExwN2pXaXVtbFhlS0c0VWdGQ1VRSlU4OU5EUVlGS0JKaWRlT2J2VTdCQmllYWJfRzhEUm02aTYyY055c19SQWdLZzhKeWtWa29qQlR1SHZKRTlmdEtXX0xPcGVDZERDTFVhcmdzVTZfbXBhdkozZHlqYjRuWkhKMWw4Z3hLWFg0V3BB?oc=5,google.news,supply
2026-02-05,Colombia again declared free of HPAI - WATTPoultry.com,https://news.google.com/rss/articles/CBMivgFBVV95cUxQd3JiSTFKMllwNm9ta1UzQmZqLVJVb2tBMzdfblN1UlgzQ2lBMHhuY0ZGRDkweG84M1ZkY2xsY3A0OE1EY1VRbU1Od09VcWF3d21FTUp0bDFzNmJyR0tUSndmaVA3MTJqLW9XUjRVakMtc0dNTG1maFIya2x0M0ZVdDVPOS13OGc3SnZ3VTdTdmJGMkwyOTJaWVh1UDZmUVYxOGZta1lfYTV5Zl9SLXpxUkQ4WmRpTEg4VDdlbmt3?oc=5,google.news,supply
2026-02-05,Current Avian Influenza A(H5N1) Outbreak - Minnesota Department of Health,https://news.google.com/rss/articles/CBMickFVX3lxTE5iNmtkcm5YNXN1dWh3dkFWbUkwdW1BN00wYnhQWjZxaXVJbmlPcDNWYnVSTXBqcC1FVGtDQ2NwNkprQWRqRzROWnVfc1dzd3V5SER1UkZyNkt4cWJVLUpmckcxdi02X1pQZVdCYUMybWdLUQ?oc=5,google.news,supply
2026-02-05,Vital Farms' big game day ad to air at 5 A.M. with the roosters - WATTPoultry.com,https://news.google.com/rss/articles/CBMivwFBVV95cUxNRmtCYzRfcWFpMXBHM3BpS3BkeHRZb3gzd2huZmhnTGFia0NjSWRxdTN4dC1zRHVLN011OTV4bjZWRjJaUHJ3Tm1ETTJLR1ctOFJTUGF5TnZwbms5RzdtZF8tRGc3SklQVVpMTHBqTXZDYW1heWNMU3RHN3dCUzl1ZWhENXBwVWlzSlZUWTJ0cHhpS1VudFVndWVRNU5YQlRNd2FSYVZNOWs2Z2I4TV9MWGU5cmRKdnBrcHdJNkw0TQ?oc=5,google.news,other
2026-02-04,"Vital Farms Finally Answers the Age-Old Question: Which Came First, the Chicken or the Egg? - Yahoo Finance",https://news.google.com/rss/articles/CBMigwFBVV95cUxPdmFFN2gyZEdNQVVoejYydDJSNndPcXB0aERHLXhmMWkzbWQzZmp1bU5OSHZPeWQ2c1RrbnVDNHVFYm9yRFB1d0h5X3JlSDhENTNLMXZURzZFRzhFZ1RKLTMxZzcyeXg3SVgzTENKa0JHbXJiZ3dqZDVITjQ3bzFIS0JhUQ?oc=5,google.news,other
2026-02-02,Biosecurity Assessments | Animal and Plant Health Inspection Service - aphis.usda.gov,https://news.google.com/rss/articles/CBMisAFBVV95cUxPVlUzRDRrUDgwODhkeW5Kb3VZeFZuR3JRZnJEbEt5c0RCZ1RpT3AwZXQ5MFBVdFJLRGE2NlJnbGxqSURxLTN0UDBqSnctWi14b2JKaWdoc0NZMjNtS2FDeXFSN3NIUGNxdlJfNnRCMVZKb0hmVDhoUmowY0lRZlI0TVExd0F1UExFRmZvSWhZYS1MaE9pdWhweWdReW53cjBCRXQtS1NGX2p6bGFaZE1oRQ?oc=5,google.news,other
2026-02-01,Is Vital Farms (VITL) Still Attractive After Recent Share Price Weakness? - Yahoo Finance,https://news.google.com/rss/articles/CBMihgFBVV95cUxQQk9QaXBQTUlhTldoSTQ3TnlRS2ppSnptRkhDdG1lSUkwMVR5d3F1UmVNY2RHQ3VaV1ExTUZ6VHFLMFJONFZFYk5KZTVuM0Z1ZlZuTkR6V2hrNi1EZ3R5Q1lIRlNQcl9tQ25tVUt6bFF3eGRiTk5RWG0zNlRQNGtsQVcxRTNJQQ?oc=5,google.news,other
2026-02-01,A Look At Vital Farms (VITL) Valuation As Earnings Estimates And Analyst Optimism Improve - Yahoo Finance,https://news.google.com/rss/articles/CBMigwFBVV95cUxPeWY3cFpoZXJDci1pdjRpbXBua1hlaFNkRmd6QXJCZDlBV3lwYy1qMzE0VnNHbk1hVkNYLU9TbU05MTR2QnBycjJIcHd4a1J5dmNTWEpGYXo1UFBud2ZPajZnZnVlV1Zqdm5JdEdtZ1Q3d211SjlPY29jUFFSUm5pRmJ0bw?oc=5,google.news,financial
2026-02-01,The Bull Case For Vital Farms (VITL) Could Change Following Renewed Analyst Optimism On Earnings Growth - Learn Why - Yahoo Finance,https://news.google.com/rss/articles/CBMifEFVX3lxTE1COVZEX2NQRmExUzd2aEtHWS1YN2w5eW9scXNNUHhwMHdRLUkwY2NtVkxhb0VxbDhiYUwzT3ZZQXZJdlN6UDJVcEpSRWRtRTZuR2lxWC1CNHNDUEpNa3ZMTUJoTmpoTkRCbEtwUmh5dXlXQnZOYzVJYXpYeWg?oc=5,google.news,financial
2026-01-30,What’s happening in the French HPAI vaccination campaign? - WATTPoultry.com,https://news.google.com/rss/articles/CBMi2wFBVV95cUxQM2JVUVBxTGJ4dmJWdE5BclpCcS0yajRkYkFOVWxqVmFfZGRURVRUVGd5ZzVMRzQ4SGxNT1RTSFYxWWJjeUFRd1ZFZ21JNVJRSzVPZVhlVXJRWmY2cWgxOEdEQnJyNEYzWXFJU2ZQVWg1My0wMjdVNnJhRFdGaVVxcmloSmVHMUgyMkZFLXR0ejl5SnZqU3JMcmlVclZVUWNWQnI5VmllM0kxN093RjJIMzI5alV1VXljRmIyVndDdTljMVpMamZIVHllRkNGNkpKdEFBaXhkUkpwSW8?oc=5,google.news,supply
2026-01-30,Egg shortage in Glasgow supermarkets due to bird flu outbreak - Glasgow Times,https://news.google.com/rss/articles/CBMitgFBVV95cUxOVkNLM2NmaERHUkxsSU1MQzhXanp3Sk5aYjNJRmh0UFlidEdrbEU5bXU5Ml9UUktUSlJGWG8yYXB5RTc0RTRSXzdrOFcyQUEtb0pMelRLWU1Ddk5hTENTeW9vcHMwbmhZQUZ1elNwM3c4VjE2QXVWc0xVMUkxUFVVS1BfTUh3cTZmaFV4aVJmSExoaHRwQTQwLXY5QXFBa0hjOHBic2lwbWw3ejQzQUpUb1pmdktuZw?oc=5,google.news,supply
2026-01-30,Scots shoppers scrambling to find eggs as supermarket shelves left empty after bird flu outbreak - The Scottish Sun,https://news.google.com/rss/articles/CBMipAFBVV95cUxOMzAyckE4VEktdmxIMVlSejZtd1RacmwwdUlDdENIRnFvNVhPVmZ0TzhDWTIzOGMzWFRjRVk5OEwxY0VnTFVOZzFMQ3psY0prbkxIeTUzT1A2aGhPYWNRTWhpME11aXJ2Q3ZVWG9qM1NuMnhxU2hMeTJmNm11VE5GU3o4azFaWlZaRmJBQzBST3JXdFBCU1JfQ19pZUJQX1lSR0Q1RQ?oc=5,google.news,supply
2026-01-24,Vital Farms (VITL) stock declines while market improves: Some information for investors - MSN,https://news.google.com/rss/articles/CBMi9wFBVV95cUxNUDNOdnN3cVZ1UmRLQzh1LVlCdjJSSXhmZ1dRTmlwVXktYlMyRFNMa2EtWEx3bkRLajFWS3ZMWjQ0bm5BYUw5SXlYZ2NLYXRRTTE4cHd2SjBtZ2JlVDhkOWNNTHhYQWhBdjdtdnpreG9SVEEwT1dQdXlzel9NcHRZajR2U0VjMHduM2RHMUdXOHphR2VKS21iVlVwUmxySDVNTDRldGVCcVdmYXF4UHh3QWs3T25uNWhDUnByYmgxNjdScExOMUJYZ2ZobnhqNm81MDBtaVYwVEVlRVM0MkxiXy1pdlg2VTNjbE9Ed1BTQk14emNfR3dF?oc=5,google.news,other
2026-01-23,Vital Farms (VITL) Stock Rises After Greenwashing Allegations Dismissed | 2026 - News and Statistics - IndexBox,https://news.google.com/rss/articles/CBMinAFBVV95cUxOSkZfYTltcVpqR0NjOUdkVklrQlVUX0Z5QWJ6NS00VjlCQlp6NEFDMjVEc2JVQ3ZEZ0FSMHU5XzNEbGJWdHJUTG9ndWJUd3dCNERQZnZQU2EyV1lGTG5NN0Q3dVRzcUlHeU1vMkZ1NldfOHZBSDFOVWx4c3Z6R2l1T3JiS2xhWnRBS214ZVBwMHlxTzJwTTRtVVBiQ24?oc=5,google.news,other
2026-01-23,Indiana reports second HPAI detection of 2026 - WATTPoultry.com,https://news.google.com/rss/articles/CBMiygFBVV95cUxNTXdSQU9USHZLYllFX2kzTklFeVRXZWZMUHA3MHV4NkY4TjVvR3gzc3dyUHdHU0VLMFFrVkY1b2FHT3psMWg4OTNVWnVaVDk2bS1YTm4yajVzSTRpNkZsZUNRS0tYNHJtWmRpMnpqSUFpMENsdkY4bTlCTWhRN2Y5Q0JwenJQVTZlajVqbjB5Um5LSnJGRE1oeFJiWVVGQ2J2elVPc0RYTEx4a2xRbjV1LWQxNm9oczZ6V1BFcENrdjlHYjQwSGRyc2Jn?oc=5,google.news,supply
2026-01-23,"The Major Controversy Surrounding Grocery Store Eggs Right Now (No, It’s Not a Recall) - The Kitchn",https://news.google.com/rss/articles/CBMib0FVX3lxTE1zYUJXQzdLV3JrbS04c2RSbTNZa3dEd2JXLUIxcHJnNGlBWkJNZXNndzdKaEtIbkNzczNjanFfVjBnWDFfbC13aVZLR3pTaUM4dFVwQUQyNVVJeVpwN2ZPSVliZVJxTzdQZFNzMDlTTQ?oc=5,google.news,other
2026-01-23,Vital Farms (VITL) Stock Declines While Market Improves: Some Information for Investors - Yahoo Finance,https://news.google.com/rss/articles/CBMigwFBVV95cUxPMjMycTN4TzdMMEc4U29DbTU0RWlwOW1ZM2VfZzJyRFlFTmZiNkdTandSN1BmbHFNaTE0YVhpeUNPelV5bFlkQVRidGxkMGJEdGdyUnV4ZExJM1k3ejZKQThXeElJQkgzNnM5ZmxsZFFpN1Z0YmVFVThQR3BvVTVKX3JNOA?oc=5,google.news,other
2026-01-23,First 2026 HPAI Case in Georgia and AFBF's Annual Convention - AG INFORMATION NETWORK OF THE WEST,https://news.google.com/rss/articles/CBMivAFBVV95cUxQTWlDNUR4YzUzOEpNTWhxZDBsZUNxeTVIeUg4MDRfd1BXeWpZM2pKTlpHSzRxY2pfTTNBa2d6Rzd2Ykx6UmJxWnlxLU1MZkozVWVCeE84Qm9GX1RUQlJBNEVoa3JneTVWZEdTbU5tcThORjZ4cDFoVzNia3pRSTVGckdfMkQ2Rm50VjZMMTRIcGZ0cEpITy1YVzIwM252TTZmYVNtZkhvNWZfeWhKejJmUV9YVXZTM0VTQWM1eQ?oc=5,google.news,supply
2026-01-22,Why Is Vital Farms (VITL) Stock Soaring Today - Yahoo Finance,https://news.google.com/rss/articles/CBMifEFVX3lxTE8zalZWYUk2N2dYMExScjhKR2FOMUNVSW9EaWdMck9nZkhicFRPQi1xcHJPc1pvbmJabm1UaGJsS3Z1d3RaR3JndWVuUHlUS0txTDN5OHhsWE51dUh1Qk1FNExEMkFqUGFQR3d0cHROeXVLcjVnd0h2STV5eXQ?oc=5,google.news,other
2026-01-21,"VITL Shares Slip 6% On Health Concerns Around Eggs: Analyst Dismisses ‘Misleading’ Information, Reiterates ‘Buy’ Rating - Stocktwits",https://news.google.com/rss/articles/CBMi5wFBVV95cUxNbGh2MnJfMlQ5SkFOS2JhZUdiRHMyU3d1OWwxTkg2ZjJtaFR5MV9ldVlFMFFzZnF2amkzRE9EYWpPVUVLVjdwTG9nRDctOGM4NGRuYzdTemhxT3QxdmQ5UUNxanBqS2Y1MkF5dTFQNGpfYjcwXy1vNFhkcXYxMGxGbWdMODI2R0NiTVNEb25KTF9YazlpT1gxNW1ZdUJTeEZJSVNBTkJ3a09nWGhqQmtWejF3dV8wNzdXZThwZDVKZmJqaG1xQ045bndVSjIyQk05NnE5WmRhc3ItX1FfYm1rVmd0dkExTFk?oc=5,google.news,financial
2026-01-21,Influenza (avian and other zoonotic) - World Health Organization (WHO),https://news.google.com/rss/articles/CBMijgFBVV95cUxOcERaZ1B2YWZLQi0weEt4MU1wTU8zN19CX19td1l0bjVDRmo2QV92d0M5cTNWc29Rb0VRUjJsN3RxNEpESUFGbkxsUXhEWHhhRUVwNHNtd3ZyR1pWTnpoZU1CYlVBdFItT290OUotWG1CNHNSQmYwaDFyTnY0dDBydVVvN01kdGZ4dFAxcVdn?oc=5,google.news,other
2026-01-20,Popular pasture-raised eggs brand pushes back against claims - NewsNation,https://news.google.com/rss/articles/CBMijgFBVV95cUxOZGNhUk9GWG52MmNSTFdLMzF2VVh0bEctSEtDZFdWYnpIb2JVcE1MSTVPVFA5MzlZNnhkZTBmU0ZHR1ItR0JTVGU0MEQ2VDRDNmpZWnVWT3lSZ3BKTGdZSTNsRzFWMDVKcnV1ZHlTX0VRWG40MU90X1M0V0tzVHYzMTZid0xRaVd2Sk82NEJB0gGTAUFVX3lxTE9zek90WE5xcTV2Zk5nWS11dExTc0pQcG9CLVBaaHZGa3pxLXUzc2wwQl8weERSYkp2S2UtckhfMnJWUm1HcTVBUS1HZHRaNFhzbTI1ZjB6NURFNDUyb1BidThOX1ROZXFZUDJYNnVxVWV0cFRxRnI0aDV4RkVZbnJOX2xsRmRuUFVObkl3LUY0NG5jSQ?oc=5,google.news,health
2026-01-20,Vital Farms (NASDAQ:VITL) Stock Price Down 7.1% - Here's Why - MarketBeat,https://news.google.com/rss/articles/CBMiqgFBVV95cUxQQWpsRmJRNnRhLWg5dkVxRWVueEotMG9FQlFlM3NSNnh2dFdDcW9vS3cyOV9WVER4ejdpRkJmNkw0Q3JHQi1YRmpEeXlXUUctVmg3b1ZRNmNRT2xIeVV4UzkyU3luYXVXbWlZNnpGZmUzaVNCdGhaMVZVZ1pMNmw1RUdrY29yMXBFb0RvRTB1eGxVdS1jT2R3REswQ01mQ21YdDcxVjRuNkNZUQ?oc=5,google.news,financial
2026-01-20,H5N1 Influenza | Animal and Plant Health Inspection Service - aphis.usda.gov,https://news.google.com/rss/articles/CBMiTEFVX3lxTE92cmpIUXNKa1VLZWNjNlE5SFNhNzNDS2tfTWduQmMya1FiWmZmY0hocHB3MENBMDN1TDQwTUpndTFBQUlSOElqSjQwbXk?oc=5,google.news,supply
2026-01-19,Canada has first case of HPAI in commercial poultry of 2026 - WATTPoultry.com,https://news.google.com/rss/articles/CBMi3AFBVV95cUxNX25ubmJaT0dSVnNyM2FxNmptRlBLcVZKVmNKT3VZS2tUbFA5SGptMWUzWUo0TkdxQTZWbkpEOC0zejdBQm9ua0M0d3U2eWtFRmppRlV2Sy1hZ25HMVFyVkxRVWRtelBwVDhZTE1KazVpZlh5Qm0zNUZTck8wZ3hCbUVaSnJ0ZldNSFVQOTZGMlpYTm9GTm1QT0x0S3lXRHl6YU1jbjJheGFWQ1h1NFEtM2Z5Nl8zMzc0bGd2aGFrTlpFeHRIVDBIdUpleHNJaW1pMjdLaXJDVWRzdDlp?oc=5,google.news,supply
2026-01-19,"Kansas, Minnesota lead the way with confirmations of HPAI in commercial, backyard flocks - High Plains Journal",https://news.google.com/rss/articles/CBMiWkFVX3lxTE1RSWcyQUxNMzlQNzlZaTdKaWFCaTVOaGtBM1NPTVFfOUVaQmkta2twOFpDMHhVUkh0aGI3ZUVqREtBQU5kcnlyaTZNZjlRZEhhSzdiSlpyakQ5dw?oc=5,google.news,supply
2026-01-17,VITAL FARMS INC (NASDAQ:VITL) Emerges as a Prime GARP Investment - ChartMill,https://news.google.com/rss/articles/CBMiswFBVV95cUxOX3dWbWFDaU92aGJKVlRoQmh0ckUtQVNXZlEyb1piWnhabkRwOTZvamVpc0JLLVdYaUtXMkNYamRTUEpvNTNKeXdDLU9NZTUzbk90WkFxVUJwRFMxLV9NZ2dYQ2pZZEFFWkw3WkowUjhKd2VjampQZ3hYdTA3XzROUGxKTjFSeUxEdWRySnVsYVdVRlgybE8ydnVVdnpNT2poUVF1NTJMZm5vdjhJeHpJUnlfWQ?oc=5,google.news,other
2026-01-14,"U.S. begins 2026 with HPAI impacting over 70,000 birds - avinews.com",https://news.google.com/rss/articles/CBMiggFBVV95cUxNUUFmWTZJM0JWbXZUbEJ6TExWYllzYkJMd0NGVnhkM2ZLOVhCVmNjUHdxNTRURXh6V2tRc3R1NXJsaVNScXZUa2xoWmR4VEdKZXV1Wnowd25MN1BYWGhUeWZ1aWFubzZUZjhVaVppb0ZVazFUdDRQbm5IMVpqTHRsMGt3?oc=5,google.news,supply
2026-01-14,"Georgia, Minnesota have first HPAI infections of 2026 - WATTPoultry.com",https://news.google.com/rss/articles/CBMi0wFBVV95cUxPOTlJem4yanFhS2JLakRreHpuV2hscjlNWm9FR0l0cWRTZXpoNW5lVDVKWFZ4TkpGZkNMVzRpYjdsa1M2enFGQnM5VkFqekZxV3R3Q01NSkJVeVVmTkxJNXFMZW95djRZX3dOWmgtdnRPQVJTTmpZQUdySEZ6Z1VGZEZQQ0xOeU5WemdTZFMwZ0dGcnFVVmlWWnQ4VW1CM2M1bkJoMDEzQ0NtVDU1cTNkWEFTNUl1M3NhR29NeXZCN0hKZzdPUFlYWDNqd1BCRHN3Z2t3?oc=5,google.news,supply
2026-01-14,The expanding H5N1 avian influenza panzootic causes high mortality of skuas in Antarctica | Scientific Reports - Nature,https://news.google.com/rss/articles/CBMiX0FVX3lxTE96c3dPa2VfNFRJa3d4RFljWjk0U3c0RVJZSzQ3bjZJNmJWR21Sb1FsY3VPaWxMR2xqSFBMblA2a0ppcnpQUm9HU0c0bC1PMkRvbVRmTklDWTNScGJrcXEw?oc=5,google.news,supply
2026-01-13,Egg shortage in France: Where to find them and when they will return - The Connexion,https://news.google.com/rss/articles/CBMisAFBVV95cUxNSmY4OTloQnJrczJTSTlJOGRwZzlxZWJYRjFUaFF0TWdpRFptdDl4WXJjdmtOM1pxTThZbHZnRGxuZ0N1a1NacHRKWVUyVGxBWXV5RnJrS05HVlQzT2gzUDlhNDB0d1FCaVRYa3F3QTdIYWxVWkIzVUVERE9UaFFzcENIb1NTSU9CVEJaU3Zpb2d0Z2tnT1N4YVRfTmpZNmJiWXNTMXJub3ByaGJqV0dLZg?oc=5,google.news,supply
2026-01-13,H5N1 and Safety of U.S. Meat Supply | Animal and Plant Health Inspection Service - aphis.usda.gov,https://news.google.com/rss/articles/CBMizAFBVV95cUxOR2FQM0dZa2NJQ1M4UWtTTTIzbFBiYWc0MF84VFhFaTc4OTI3WTluSlktNm9YRUxxeXl5OGRlMWkxWFZ5ejB3X2xnV1RhQzgxaFdLMExENkxZSGRsdktlV0p4aTJyZk8zX1J6ajk5WWhEZnNkTHA0aGpuOHA1MWR1UktMUGhSV0VyQU5HR3Q3YmhkMTV4X0lneG96RERPaEpxY1Z5SGpwdlJrR3Z0b3VfcUVxSnAxelJ3SlJSYXVFTFUtTzNyaVZldUt4YU8?oc=5,google.news,supply
2026-01-09,Testing | Animal and Plant Health Inspection Service - aphis.usda.gov,https://news.google.com/rss/articles/CBMingFBVV95cUxPMFBwWVhvZEdJS0hPM3RwbW13VWc0NnAzMUpBWElJZ3Z0S2RkZ0VwRnRlTmRTUV9DX2psdE44NHNfRU5nSng2SVRSUFdvbkZaZENXcHgzSktIdTZOZy1icWh5VHNrLWRCNkFfLTVPaE1wMENPbHIyTlZMMWJKSDNydVpzT3A3SG9oWFVMRXpyaFZ3Z2l6SC1FT3M4Z2g3Zw?oc=5,google.news,other
2026-01-08,Dairy Herd Status Program | Animal and Plant Health Inspection Service - aphis.usda.gov,https://news.google.com/rss/articles/CBMixAFBVV95cUxOODNuVmZBeE1NYmRsdVJqZ1M0UkpxZk9NdTNWVDU0clVCdVFxNTN2MHM3ME93ZXJoTEVDQi1wQzJTVkh5ZHVFbklhSlczaUozLUQ4a3llTzFjUlEtYmdXMUFRcWgyNjZYRGlJYW1FUFNOMGJfN080ZElFaGJmNWp4VjBUNzJ3eXg2TmZ2UFVRU1ZuV3gyZExUaHV4azZuM1VPYTNfd2l4TlJJNHBMMEVacTlmbUZ4SWFSQjhsbHVqVzRNODMw?oc=5,google.news,other
2026-01-07,"The role of wild birds in the global highly pathogenic avian influenza H5 panzootic, 2020–2023 | npj Biodiversity - Nature",https://news.google.com/rss/articles/CBMiX0FVX3lxTFBENl94Q3lPUWNEX0lYalRYVTJrdm1kcGJ0WTUzbGduMzVqLW9fR25BNDZuSmdpMVZCRzVjM3JPNV9tZGpyTVI0cUQ5THdfa3dpR2EyOFMyVDdfWHpjbnlB?oc=5,google.news,other
2026-01-06,How HPAI bird losses in 2025 varied by state - WATTPoultry.com,https://news.google.com/rss/articles/CBMiyAFBVV95cUxQTTNZcU1DcGpBQ2RQTFJuTTVsTW9kNjBNTl9fbVlpVDY2bXMwM2ZYbHVabjJLSklybXNJNzhfTmZrekFGS2s5VlpPOVhhQVh5UG5pZXJxSXFjUWpBRTdSd3RuODJIRkNKa0M3S3N6anBIVUtZMjFRS3pmOG1ZamNnYmNvZm9rRFlYbzNrMElPaXBCU01lWkpFdnA5aGdXckxrc1k1SXltOVF2T1BvVmV1MGJJNEh5RDRBSUtlOUJudTN5dlZ1R2FQcw?oc=5,google.news,supply
2026-01-06,HPAI confirmed in two Missouri flocks - Brownfield Ag News,https://news.google.com/rss/articles/CBMiggFBVV95cUxNQ1hZeFVaLXdPUjdpVVNWSmRkY05YYlpBUHh0UWdrQlpFV2ZGY0kxZHdTektnRmN5NmVuaHVkQ0RYQTBiUEE5VVhSd0RRdGFkSmt4dURPS2N5T2w3REMwU05DeDZZbEtiektLbjkzc1pYYk5HWWVxeW5TejdDU2NSVE13?oc=5,google.news,supply
2026-01-05,Egg shortage hit supermarkets - worldradio.ch,https://news.google.com/rss/articles/CBMigAFBVV95cUxOemRkMlQxN0wzZE50cFZhRF9HTF8weUZLcTFBU055bVhiMGNwZUo0ZW9PaUphQWNCbzJLeENpRWhrY09EVlF4Mm94WlU1RHlfaVBjY1l2NEZpTUFYV2VDSm0tQ2ZIdk9mTjRtcGttSUQ0ZEVNMjhBQnAtSFR4ZzBSbg?oc=5,google.news,supply
2026-01-05,"After record 2025, egg prices are on the decline in early 2026 - The Courier-Journal",https://news.google.com/rss/articles/CBMi3wFBVV95cUxQZUtkalVuazhwekpJMmVmVkxiSWJSLTNuNjVkMW5wVExvTERKNEp5ODJSbTEyUzg0dzVZd0txYVFzeFdsRENlbVlReXNWejhNYXN4cXZHNGxkSC03Z0w1VlVKYjRBY0FwN0FwU2lsQVNteE9wdGxSRGs1dUxMd0pZUW1sWEM3RHVqQVVkclg1VjNQUHNHME8xblF1M0pjaE9DbDM0YlRMenJsT1IzN3JNTzc4ZG5zXzVGbDJRWENYUWVVNW9VXzY5UkhoZTlsaWFMbXFXeml1Y245QnBjSDFR?oc=5,google.news,other
2026-01-05,"Nearly half of US HPAI-hit flocks in 2025 were in Ohio, Indiana - WATTPoultry.com",https://news.google.com/rss/articles/CBMi3wFBVV95cUxPQmFwVmNjME1kQm15M3U0T1NNbTRWSnFCTUhxd09Oc3BLc1F5Uy1aelhkS2J1clhuQkp5YkxXVHN6Vzdvd2NkSEZOZzFibGw0RXZwaG1ZbE80WDVmM0ZTZE11Tlc4TXZNVWtCNmJILU1ISnhXbUk3NzRvQi1NeVZvdU1yR25MT1V2ZVV2ZHhKcXM0RU1zSG9kYlE3LTIxX3F5bW9VSUliWUprZW9CVEw3b252emdJV1BxcGU1cHQ3RFVyTjBTNlpyY3dsMy1CSURaVDJJWUEtY1lQdnZmRXZz?oc=5,google.news,supply
2026-01-05,"First US HPAI cases of 2026 in North Carolina, California - WATTPoultry.com",https://news.google.com/rss/articles/CBMi2AFBVV95cUxQRWhxOGlaWW0xVmpWdC1ad093b1VaTks0ZzRYT19WZUZGQ3JoRS1sVUhtdDUyWExDYnFNR240QncxUGNrYUszOGxpNVBidkZDYjY5VDk2YTFUeXNHUjdacUlMZ1JUWWJmV0d6QTBjOHliclZUc0t3a2ZrMlJ0VkZWdnZNUlV4M1B2RTlWSlJCUTNfRGd0UkFfWlBRLTBKWUxUUGhKVzFXTmdFYWRzZVN4bE5XcnB1QTZwdDY3a2pwXzZiUWVuRnI5X0dQd2FTZHRDM18zSF9RdEc?oc=5,google.news,supply
2026-01-02,Nebraska layer flock hit by HPAI on last day of 2025 - WATTPoultry.com,https://news.google.com/rss/articles/CBMi0wFBVV95cUxNWXJVSEtOTTFzX1huRzdnZzc5MThPdVVIOEUzS3Q3TnZ4NlVkNFMwel9xNW4xQk9jRnJDN0I4aUVtYTRzSXUyWmI1ck5tUzBpWTBjQWJMbVN5UTVrWkI4WnktdjZydTc0Y0l4dUwyM0Rka2JYTHdwRjNfamE4Sk1TdlpxUXVLWWlNQW1kVTgySmlFNHFEOEZYdmFhQ1JJZkFOdzBZMnFsRS1NSFZoZUtRRExDSFVvRElnUWZacDAzdklCaWRzQjV4eWNWVXZCODRoR1Aw?oc=5,google.news,supply
2026-01-02,Vital Farms (VITL) Stock Declines While Market Improves: Some Information for Investors - Yahoo Finance,https://news.google.com/rss/articles/CBMigwFBVV95cUxPR1NCeHZuRVpEdFc5S2hVeFBpSG13NjZyRjhmRURpeTg0RDhZTHhOOGhUN0FEeHN2R0daSlAxcU03eFVhMmp1NlNEdDQ2YkU5Y1VmVi1lS3F3c1NSbGFjU09oc0xJVFFuWmpLeDJEQ3hfRnZEVUNYNFhTOFRsckk2V2JkMA?oc=5,google.news,other
2025-12-30,"APHIS confirms cases of HPAI in Maryland, Arkansas, Kansas - WATTPoultry.com",https://news.google.com/rss/articles/CBMi2AFBVV95cUxOQ1VSbXQ1V1hyc3FYeTk3UWNiRmdfTXhlS1BLNk1HMDlQYUEtZnA2dEQwUmNETWJldG1RTWNlRDZzdGszT2lmTy1PUG5QSndwWEdBV3p1VnliZXdPX3Y0blNJYlk0dlc4NEhyV1QtVWhRWVRmX2ZXZXROdkdGWDEyR0liby05Y2t3anhyVFN1OWxoTlNaLUFSNm43el9yazVVczFYRzh2NWJ4R1VvbDRCYkVjOFY2bGRqTXdnX2s3X1paZGJmY19CZHFlWGJfTzhDVWdLb0Zyb3c?oc=5,google.news,supply
2025-12-29,Ethical food brand Vital Farms heads to major investor conference - Stock Titan,https://news.google.com/rss/articles/CBMiogFBVV95cUxPS2p4MjFGVmhQc0FxVFZjUWtVUzhRMVN3SWpxU1lYSWt6SEtDQ0VaeEd1VFFELXNsU1J1SmZWb2JwUmpDSmNxV1ZsQzRJdjF4Q0ppTFhEcEczbXpMenBzSUdhVUxSOEt3RE9sUFRhYVkzQmZXU1RNSDJJWjdyN0tKdGxTMWlYRGxSOUZVM0RtV2xBeDVrd3loczFhMGtua3VLcUE?oc=5,google.news,health
2025-12-23,USDA confirms bird flu case in Wisconsin dairy herd as new wildlife spillover - Wisconsin Farmer,https://news.google.com/rss/articles/CBMizwFBVV95cUxQajVSaDFVMmI4bE9MMmM5a19WclNNeE5PSHlUMF9xei03eFRYUklLUFc4SXFsMk9aaFlZU2JfZjNrZDZkWmRndWZvNVVsbXZXWHFLZkhYWUt2T1pQeGdzZE5fZWlid2RxMkZGd2E3amxybjNXX2pIc21HY2oyNkp1dzlSZktOejVIbEMxTjBpcmR5UVlPcjJiZEh4M3E3NW1ObW8xYmpNVk5kenR2bFlNTllfUWxjTE12SFBBUlNzNlgtbnJNRWVpYndBcWtLaTA?oc=5,google.news,supply
2025-12-22,Maryland DNR Provides Guidance Concerning Highly Pathogenic Avian Influenza - Maryland.gov,https://news.google.com/rss/articles/CBMiuAFBVV95cUxOTldZdWlleTZDelllLXF0NEN3MEM0dWp5VU93Yi1lczdvMVkwN1dYTjNUekxHa205UVFSaE5CVC02Rk83dlltcGI0QXpHdlhyVW0tb0M3dXhzdEVoMGtFS1FGdFl5TlBKSFpSNU1WSkRsSjIxcmFOdTU3bGd3d1k2ekZvaVJLblBMYWlDM0xYOERfajlrV010WDBhQ2hvaXd1bTJOeGEySzROT3NINERrLUFiRG1wckg3?oc=5,google.news,financial
2025-12-21,How Low Can Vital Farms Stock Really Go? - Trefis,https://news.google.com/rss/articles/CBMirwFBVV95cUxQX2JlcUxCNS1sbW1OaXpiSFNnRVFlV05FdGpFcF9TN2FtZTFCeGJTcFNTOU5HVmFRZGVqdVNWeGtLNlVxeUZEanhkOVhhMktsYXhraDZJbmJHWVFPUnBlZ25veGdGejVRZ2dfdVNQNzhmZktPVHlBUGJHbWtoeVoyM1Z5YWczZW8tUmo0cFFqNlZ0YW04U2NrSG5xd3IyT0JjeGtEbndoQnZYLUdYSDh3?oc=5,google.news,other
2025-12-18,Is Vital Farms Stock Price Misaligned With Its Ethical Growth Story In 2025? - Yahoo Finance,https://news.google.com/rss/articles/CBMihwFBVV95cUxOQUZYWlJCbURTcE5ldXFSdm1uaWYtbVN6ZFViQ0JOTGcwSnlzN3B4Q2J4WERoeklKVHlpRkU3MG5CZHoxNk1mTUdSUUMwcVNqMmlxWWZjYWRfMlNfUDBqR1pRZXpqT0xQejJYelFCUFBHRndkNUVrSU5RQjVtLUcyQVFJQng0aGM?oc=5,google.news,health
2025-12-18,Statement on the impact of HPAI on wildlife worldwide - WOAH - World Organisation for Animal Health,https://news.google.com/rss/articles/CBMihAFBVV95cUxPUWFacm5nNGJNWFBQQmVxcU95cDFobU1vSUFKcmU1eG9FZ2dKUFBwRnBIMldlbkx0NXZyaGJRaDZ4R1hHRkdiblNZb3I5bkhMemc2Vm80QVRqZVNhVzkza19Qd3NUVjZOeHkybTB3cURxTE95aVlpemlGX3hZZi01UTRLRXc?oc=5,google.news,supply
2025-12-18,Waterfowl Hunting Avian Influenza Safety Recommendations - Oklahoma Department of Wildlife Conservation,https://news.google.com/rss/articles/CBMihAFBVV95cUxNc1FlYmhlY3RaczhzVzdUbENDMktmbXBwZEV5MEJGY1U2ek9Qd0tNYmNnZ21kT3F4U01hT01VTzBBdGdWX1dCYm5SMFVsRUlPSlVRTGI0d01VTkhMRHplZGdINlpOYXliMmVMOENzN0dzSEpmUm5aaWxvc19CUU1idFhITjE?oc=5,google.news,other
2025-12-18,Vital Farms Expands Plans for Egg Facility in Seymour - Hoosier Ag Today,https://news.google.com/rss/articles/CBMickFVX3lxTE9QMjRzTk13TW5jOHRrMEpvbWdITExXSTRsRWVQWHd2S3B3c2hRZERXWTkwY0xvNzkzcWJXY0NlRnZRV2ZyODVwd3A3MW96dVFuQnRzOGI2Z1Q4blI0SW5MRVZtMUpfWXFGODhtNnBFb2U4Zw?oc=5,google.news,launch
2025-12-18,Here’s What Supported Vital Farms’ (VITL) Stock Price Surge in Q3 - Yahoo Finance,https://news.google.com/rss/articles/CBMihAFBVV95cUxPd1VUT01SdmZTblBnbEFIekJoT1RHdTJJMUZoellmcjZUaWhsX2NJVmJRM1NXdXZlTHhyRzJqVm1yVlNLMW1FZGN1aEhXSnR3VlZkVHNjM29DWFZZajJSc0RaWi16SG9HM2tzR19QOTdVeE92SW9XRG9BLUtXUWxEZGVadXU?oc=5,google.news,financial
2025-12-17,"HPAI-hit flock in Texas involved 260,000 broilers - WATTPoultry.com",https://news.google.com/rss/articles/CBMizAFBVV95cUxOR1pGbG9jdVpKc0FOX2xBbEZXTlFsbGpBUkZxMU1nZjZ4RDJ2UVpfU25qLVB1bTdpbzVHdlZaR084RG1qdWRhTDZLM010YlAyYlpDaTJZMFRveGM3XzV3V3I3WTB2cEE3cmhRQWYyVXJLZ19EZmJaVGN1dExRdjRfVjkwcWRMNDVfYXFndkFySHA3R1M0WmdPbFAwa25Pc2RUWUV4N3VqeGNtMWYzYmVoSkp3UGdNaUdOUmdXU2RCdXNhVURqOXdZLTZBYnk?oc=5,google.news,supply
2025-12-17,"Vital Farms: Near-Term Hiccups, Long-Term Potential (NASDAQ:VITL) - Seeking Alpha",https://news.google.com/rss/articles/CBMilAFBVV95cUxPa2hhZ0pDYUZWMmx4eENvSktwcVVUQ2tzc0NpakhNNFR1RC1zRnh1THlKU21SV3FNaWE2NmNycHM4OTNFaEFtTHVXNVQ0MWxHV2dUbFdKYm9VT0RtNUgxaGp3QkM3VmVtTUdxRFJiV0Q1T2RVM3JYVThEN2ZSZ1ViT3VkZnVxbjUyQ0dzaWpqbHdkaXFJ?oc=5,google.news,other
2025-12-17,"Vital Farms, Inc. (VITL) Analyst/Investor Day - Slideshow (NASDAQ:VITL) 2025-12-17 - Seeking Alpha",https://news.google.com/rss/articles/CBMilwFBVV95cUxPVkdrVjdpclBqU0lxSDJLVnROLTRjQms2Y0ViWU1RaGs3WWRrbnRkMWEyMnphbTBfdWZxQndTZVBLMkt3Zk85cjZrRXdKSVJlY1FJQi1LSUJiUFllUXFnSTZtNEdLajJjNUJ4NXhIM1JOV29YY0l3ZkQtdXdjeHU5c0tGaHMtbjZNSWJDSmxPVFdlamszTXNF?oc=5,google.news,financial
2025-12-16,Why Vital Farms Stock Is Plunging Today - Yahoo Finance,https://news.google.com/rss/articles/CBMiggFBVV95cUxQVDFRak1lSWY5dEY1bFM3c2JTTGlwMVRlOGJqaFE0R0pUOGgzZmtvc0dlZDczd1djVjVxWmFFMzdKRk1PaVdGWnVxS0tveTQ4SXFsR2pReFZVTXFzMnJELUlQLVBSZHVISFRyQ3dBZ3V4VkJ4U1JJMFV5Q1BPMGhIWTV3?oc=5,google.news,other
2025-12-16,"Biggest stock movers Tuesday: RILY, CPAC, GUTS, RC, VITL and more - Seeking Alpha",https://news.google.com/rss/articles/CBMinwFBVV95cUxNQ2tFQ2kwR3VjXzI1Rnpra3B4VkRBQjNmaTFzYTRXakVwOUVHaEJQZkE5OXpmQ0RTUkhsYk5jRnM2ZHVmakFIalF6OG5STUxGNU1CSWY2c0doNkp4d0d2dEhKemdqQ19OaUMwZUwxSF9IbW1ZYVdLUEJkZ00wX25ZcWR2NkNKNlFRYkFJSTlja2d2OTlIWVc2STg4bEJ2a0U?oc=5,google.news,other
2025-12-16,$VITL stock is down 12% today. Here's what we see in our data. - Quiver Quantitative,https://news.google.com/rss/articles/CBMiowFBVV95cUxQTEU1clQwcWJJSmdfcmNFNEN5Z2pJc0NuaF8tRWt3dmNNT2tmX3RndWpvbHF2SkQtZnpIUFhwcGU4RXVYZkl1Yzk4bkNLbS1JWmxHaW1keF9rcmJyemt0N2ZlMVNWSWdwOEFpMWlaZDBEUlAxTFV5clY4MzJQaHFlSjRJa1FnSEJ6UGlNVFZORWhydnhETWU2VE80RWk0dnZ6bjZn?oc=5,google.news,other
2025-12-16,Vital Farms stock falls after lowering 2025 revenue outlook - Investing.com,https://news.google.com/rss/articles/CBMivgFBVV95cUxQMWtIX0RWcHE5UEk4VmNzMzR6YkxrTVZ1bUNBVm54V21lTGhIQ2RiVWlUdnhUU3dIYjZJel9xUXVESFJielFTUFg1RGhaTGRTMDJSVmgteFhqTGZjMDU1bmFqd2lUMGFpdmVNMWF1dW1IUUJUYWh4QW9kdDJweWxZQWduOVYzRW1aU29RNWpJQ29pWHJ5cnV3cXRPZXFrSnhDWHdlOGZRSjBGSDhrZm1CcWdYRi0xeXZCSWViQ3NR?oc=5,google.news,financial
2025-12-16,"Vital Farms Sets $2 Billion Net Revenue Target for 2030; To Host Investor Day in Springfield, Missouri - Yahoo Finance",https://news.google.com/rss/articles/CBMifEFVX3lxTE9oeGkzZlhGTWYwc2ZXX1RiU3pkRnJEUWNyeTVuLTZCcHBJc1gyZTU2ZkJsXzlSRXpZQlNBRU5wT0ttWTVtSkcwZC1feHBPeC1NQXlEOURhZE9WeVMydHE0Y1lXcU5xS1dqV2JfTHRlVnVNWUxaRUYtS1VKY3U?oc=5,google.news,financial
2025-12-16,Vital Farms lowers FY25 revenue guidance on ERP disruptions (VITL:NASDAQ) - Seeking Alpha,https://news.google.com/rss/articles/CBMingFBVV95cUxNYkZGNl9KbTBlLWZydHlnNllMTl9xQzFFWnRIZGlVXy14SUtHdWNRUjdOY00zQXNGMGdjcTBaTF92OEpLRVpqc1dDWVdTT0pxU1U3cVhsYWFLQlBINnpFeDNxemFRZ0JvYlpDVVVBTldFcGhiem1Td2wwOWs0emt6XzAxemZvWnJSZlJjdGt5UVVPMHdjWHpWaDMzcVhndw?oc=5,google.news,erp_lawsuit
2025-12-16,"Vital Farms (Nasdaq: VITL) sets 2030 margin goals, trims 2025 revenue view - Stock Titan",https://news.google.com/rss/articles/CBMiuAFBVV95cUxOejJWeV9NaTVYRGo0SHhHcFJLMWh1VDZ6M1ZWUzE1Mm8wN09pY3NQZmVXRHF3NXpLN0pKc3VDZkxwMDdaSEVZSmh0ZWt0dHJqcFJ0SDI0cVBsMTZ4a2NaRU1YaTFUcHdBdmtiTjNBUnA0bGdEVlFHZk1YOHBzOHJwUVFVOE9wX05zaGN2VW0wSk9Pd2JEUnpZQURUWWs4YUJodkJUSXF5UzZjMTJhSUVNRU1oekRTWmJ0?oc=5,google.news,financial
2025-12-12,Senators to USDA: Time to prioritize HPAI poultry vaccine - WATTPoultry.com,https://news.google.com/rss/articles/CBMi2AFBVV95cUxQUlRLVmhGMDgwWWZua0ROMDZxUWV3TTVOZkFlR1RqY1U1VmVOOHA3OGpPeHhKeDRuOGRQZGxVcTVYUkNZejh1RE9EbTctU2JWVFV3U0Fnb1JiU2RlcHFRcEQ2UWNHcFhXdWVuMDB3X1ExTFdjX3VHTENTX1VnMVl6bkI2VWZ1czcteUpvZ0Q4ZC1oaFRBU1FUMGtLX29ubHNIV2VCR2E0NVJXY2hpb1lwQVcxNWI2bGk4RWFEbklCQXpuSWdnODgzRkR3d3NKNnZKLUFVWG9ydXU?oc=5,google.news,supply
2025-12-11,Avian influenza: new outbreaks expected in Europe until winter ends - EFSA,https://news.google.com/rss/articles/CBMinwFBVV95cUxQODlTUVliaDk1YnJrcHA2eTNwaHJDV1FPTXJJVUxYSGIzMjJiTEJ2Y3BYZmF0TE1sbUVHT2o5dk81RWJ2dEdQR25iOV9nZzRNYjJJaC1rRUZTNC1jSTctUTN1MkNUcV9Yd1ZvTWR1ZXBGVGhOVDZCS2hFVUNZVlhhYmhHWFJyWkFGaUgycE5OTW5FTnhUZURUSmYzdTFlbTA?oc=5,google.news,supply
2025-12-09,"Vital Farms (VITL) Stock Trades Up, Here Is Why - Yahoo Finance",https://news.google.com/rss/articles/CBMigAFBVV95cUxNTkxNdUZSMHVKS1Y2c3ZUeHQzeHY4bmVzQ0pXeE1kZWpiOS1PU1JYZjFGZ09JZjFob3VmdVVGRlRaQ2NlS3ZRTmpESl9yaTdNbndkdGFWWlIzOHl6WEl6UjN2T1ByMEhRY1poT3pORE9od3ZQSk13aWpOMEk4OXB6dA?oc=5,google.news,other
2025-12-02,Egg shortage in Kuwait: Officials announce urgent action plan - Arab Times Kuwait News,https://news.google.com/rss/articles/CBMinwFBVV95cUxPUDl1RlcxVUdMMm10UDl0Z1k4OGlaWTJndG9wQkhtdGtGWVBBeTBiQmZtTGFvM09vR0VIbGRoSFZDakpPalZzVWpPaVNnVllsajNzc2JkLTk5bVNtR1VEX0tsVmY5UzVlWEJoZlVYeWVLYTRXeVlIZ2dPNXBsUlFnYTRrTWoyRi15N2M3VnQzVEFXUGVuODdHcjRtd1pvQjg?oc=5,google.news,supply
2025-12-01,Egg shortage becomes egg oversupply with farmers unable to sell product - Australian Broadcasting Corporation,https://news.google.com/rss/articles/CBMiqAFBVV95cUxQckNxSGZLQnFJZm1YN1FPRWJCa3FEWW5uQkwyNVh4V3JmVVpScmNnNmdGUUU3WU0wS1FTelZqcS1YdDZRbnBpeW50dURFSXFTaVd0N2hJdkhlaU8zU1ZiTGtnLXY0TzZkNVRFa1JpeHc5Z2JoUF8ybVc0NTZCek1MWjhtUlJMRTY4eWFfd28tc2JvS29zbDVFemMtUlRKZURmaUNZc29INWQ?oc=5,google.news,supply
2025-11-28,Outbreaks of avian influenza and Newcastle disease disrupt egg production across Europe - Poultry World,https://news.google.com/rss/articles/CBMilAFBVV95cUxQNHBwVlduVUNXMmc5UjFTakFCTjBDQmdQZTlMVHVMWmlHWjI5OE50dnhUaTlHVkZDOEpUWlB2VV94LVRsVXhtcm9RSVAxa0F1a2tQTE9UelNMeUJSYVNCdkg5dlB5QUs2T1IxdkpSYjJDRDI2NVVyWjRpLXBLMWRuSEFSN2hyWmdRMnpxbW52dzlYdko5?oc=5,google.news,supply
2025-11-28,Is Vital Farms’ 17% Drop a Buy Signal After Ethical Investing Surge? - Yahoo Finance,https://news.google.com/rss/articles/CBMieEFVX3lxTE55LXpOeGxxQXJWNFpEZGczNE9PLXpNSnpsaEFwdDFVU1lvMmRIU0d1WDhjUk4wUUYwZmRGSk90WGZYS1JhTzNWbzNPQTFHNTZJcmRPUzZBTDF6dkM0alFIaFJKd2w1Z1hodVoydkxRN3ZnRmswaWNlSg?oc=5,google.news,health
2025-11-17,How Vital Farms cracked open the pasture-raised egg market - Food Dive,https://news.google.com/rss/articles/CBMinAFBVV95cUxOSmtpWHhJbGFhT2l2anB0eVY4Sm8zZzVMOWFvNWEzckpjSldiVEVxV296bXBxTTgyTWFmREpLQVBwS0F6UnRVal81Q25VeEhxOWVxNVZZOHB2QldaVGJUNGtmX1lHcWl4cTA5QjBkeW1UZnBxdnJKRlJiR1RQMEtGXzBCbElaX1VwMmZic2RFLWp0UG4yOXNaNzR0ZU4?oc=5,google.news,health
2025-11-17,Eggs are getting more expensive and intermediaries are raising their profit margins - Diari ARA,https://news.google.com/rss/articles/CBMiwwFBVV95cUxPbHMtbFJYcEtZYlVRWktkQlQyUnVwaFEzNVVrQ3cxN1MwaVJSY3o3Wk81djZkQUFPOW1VdXViMXE5RHBtcFVfTHhtUktIQktLNFpVR1dfNHdSYWtWZ21GVUpuU2VsWmZlU3V5dHlIZGw5bUVOZzJPdVZKWTZYNnl5a2UtMWRqMG8xbGdqVFNUZEdTcEs1M2M3dm1OcGhZWElLV1RVQTdYMU9OWWpXNFluNmFYOGpuZ1FERlBtQXI2WFFFWGvSAcgBQVVfeXFMTlltSEJMT1ZsVTliNFN5Y0MwRjFQT2dabUxubTdrUDJ3Y0pHcjFuLTFGcVVEdkN2dUZHN3JTSXFUSGVobE9TRFBYYjV1OW1mOUNaOTlUZ1RVNU5wSjFjQ1FZM2k0eTVnRTYtb1ZxUzU5STJXejNoWFRSVmt5RTQ3QXVBM29lQlR3UHpZSm1udHREYnBlNFhHdmp2SlFEN24tQ1k0ellGaEpfakJjVy1pX1dHZmRiVlFCb2Q1dEZxbWQ5bG5rcnFBVkE?oc=5,google.news,other
2025-11-10,Vital Farms’ Pasture-Raised Eggs Boosting Revenue - Forbes,https://news.google.com/rss/articles/CBMioAFBVV95cUxNekpNRmFDbWswbDRUX3I4SHRhbkJSeHZsT1Q2c3B3amo3b19CY25hbDBPTV9DN25CcDF1RkNOOU94ejE1d29TLV9ZYk95Tm5UUWI5WHJ2b09jcGREN0FRVWNfWHo5eDBLYm8xcGhfWkVYbzhoa2NMa1F6aW81ci1ZaXpjdEFJWWZySWhmVVIzU1ppZHA0XzBmeEx1T3p5aDRX?oc=5,google.news,health
2025-11-07,"Vital Farms: Eggs, Earnings, and Expansion—Growth Story Continues (VITL) - Seeking Alpha",https://news.google.com/rss/articles/CBMiqAFBVV95cUxPN2lkYUFDa2VWV3EyOXNPbXkwUERqeWxDV2wwSFkxdjk0dC1IcGNZU2tMRTNEcWhQQ3R3d25MVTN0cUpPQTJmSmRBQ29oZWNzRU12dTByTy1ER000UHFMQmVaclMteXVxRjY1WGY1QmZNMXNOWUxLQnRfN3lpbzBia0dzeE00OWRISmVFaEktQjZsMk1aeTdmVWFhWXhFRVB1WkMxUXJIUzY?oc=5,google.news,launch
2025-11-06,Vital Farms Now Offers More Growth At A Lower Price (NASDAQ:VITL) - Seeking Alpha,https://news.google.com/rss/articles/CBMinAFBVV95cUxQZlVFVER4R21zeDU1SUlYX1V5R3Y5V2lNVFNaaVpOcWEyWEgyRzJLTi10WmtMdDZGMEFmelplRHRab3RnZFRuT2tZdXdheGs0UEprX3VTMTlsSmVjbEdkVXdkRV9uS3MyZHhib1A0YlplQ2YydG9vdGlqN0xKQkVoSDdJTkNGR0hHQnBkRjU5QjF3UWVMbDhreE5HVlo?oc=5,google.news,other
2025-11-03,Egg shortage affects prices of unexpected foods - Supermarket Perimeter,https://news.google.com/rss/articles/CBMioAFBVV95cUxNbWEyY0ktbC1mRzljN2ZVSXdCZlBGZTdtVk9OTTU3WDVNNHVZTUVpRXBEVlZDWUFRMEFnaEU5bENjUThtWnprUTBpQUFNc1BCVTNHVE1FMjBISmR0cDFfc2lITHNjd1E2WDR6Smtob2tEN1FSSTZ3bFJJNjdPYVFnZXYyQ0FEX3ZITExxRXlRUWh6b01rOFkwOHJHaE5uaXNl?oc=5,google.news,supply
2025-10-14,Vital Farms Stock's High Expectations Are Already Priced In (NASDAQ:VITL) - Seeking Alpha,https://news.google.com/rss/articles/CBMikgFBVV95cUxQVXBkeVJfVURDVVFGc3pJSHFicUxST1hJUkxhbzh2VTctSW94TS1YM29zQ0R3bDEwbEdDdG1OSzJlZ3RhNDI3VHRGc3Y0QWg3Z3dwQ0NVY0VBV09TS2hNZ3hzYzI4Wk15aVhIdmp1Nm45V1kwNGEwZ0tTQVVtNGJmaXBJUU9OTC1tZk13NWRsOWgzZw?oc=5,google.news,other
2025-09-30,Bhutan’s egg shortage: A crisis seeded months ago - Asia News Network,https://news.google.com/rss/articles/CBMifkFVX3lxTE40MzdsSzBfSEdFM1FkOXBsdGhzekM2NVU4NDk3cC1raFRleHBvZ0l0cFVvVGI1SkZ1Nk4wSGRURi1XNnJJcTRJQ1pfWFZwQzU2WFMxOEpIVEt1UG5ETVY5alk4ZFNCZm9EdFdhSkdFelNuOVlFeGh0ZkFydjNzUQ?oc=5,google.news,supply
2025-08-26,For Working Dogs Only: Vital Farms Releases One-Time Only ‘Cheesy Over Easy’ Breakfast-Flavored Dog Treats in a New Campaign Starring Comedian Heather McMahan and Her Dogs - Vital Farms,https://news.google.com/rss/articles/CBMi2AJBVV95cUxQQWxnQjFPU3hmaEJ3T1hXNlk4Slppcl9kODVVTXZ2ZmFRN3pkLW90NUxCOW9CUTc4MVdDSDlIZjd3aFZ1YzlpUXY2YTZUU3phT1ZPT1pFT21kOVo4M3dQVkRWUmJBSk91VXk4RDlNVVBWcElIS2JoVUNQM3poSGJGVC1mR29PNVVNQWRhZUx5Ymdqam9YV09mV21QakYxSXd1MmFUZ0pFbGgyRUg4dkc3NjV4RmEwcm5GWDhVSEJnb0VfX240V2hBaXZ4Yk1hSF9yeHRfeHVfN0w2OThWbHdnWFkyanI1dENXX1JtWDJSMThCS2F0ZW9DaVBZY0pyd0ZBUnRmbkN4NHZzbW1MTTR3X3VQaVpWdEoyendYblhZcm5WYS1GMDNWTU9fSWpVTFRoeDJObjFxQUJWZHZoUl9OS1ZHRmhyd1pnZDlDbEptZ2FpTnowQmE4Mg?oc=5,google.news,other
2025-08-11,"Vital Farms (VITL) Price Target Raised by Mizuho to $53, Maintai - GuruFocus",https://news.google.com/rss/articles/CBMi_AFBVV95cUxQRmhlcTZ5OEZ1S2FKc2twaWZDNlU5b1piS2Fid3RSOXh6UldaLXA5V0w2Tm4xN3hEV0dhNHp4SjBRZU1tbktfOWxWLU5rSkZwQUFGbV9UVUwxUVhMb0NaWTdORTdZcHNvTkRoaEpiNUlfcEtPUDU5a1F6UkZfVWE5VEl1VTZFTFI1NURad3VQTkRRZzRuTUx5UGdrREhPY1p5SHNweVlVTjV6eXN5b0xzY0IyekwzTzA2QUhLNHZxUWY5OVo3T201akVKdWE1V3ZTWERDckxnWUkta3l0Z1g1ZUg1YVJkRHNzMTdVeWdYZG5iaGplNjFqeUl6aDE?oc=5,google.news,other
2025-05-12,"‘Not a surprise’: what’s behind Australia’s egg shortage, and is it here to stay? - The Guardian",https://news.google.com/rss/articles/CBMiyAFBVV95cUxPTzlTakRReUpabzh1c1hlMmtSdEJyVDBNYXBGUWkxOEpQVFJhVFNFaHpOeVZMVnJmS2dLVnJBbGtVQjFoSE5BcEdoT0tWQTZSUmFuUUNVUUREdU1XYWp6dmwtbVJJcnpxbTN4eE5ERFk0dzJSRktHbmtoSGE3Y1QwRHoyUmtzOU5McXdJazZsQk9lUnFkSEsxY3ZaQVVJQnhyb3BCbUd2QmxYX0FacjFnSXR1aEIzZjZSSS1IZE5yQXJ5dHNRWHV5cg?oc=5,google.news,supply
2025-04-25,"VITL Stock Price, News & Analysis - Stock Titan",https://news.google.com/rss/articles/CBMiU0FVX3lxTE1tX05JWERuZzU1Nk9JRGY5bTJiR3ktRUJCNjFQemgwaE1fU1JxMHZFWXZFdENXTUxoZnp1Uk9XbUJUMlYwVFdEazBKRnBtSk1aazlZ?oc=5,google.news,financial
2025-04-18,There Might Be a Sinister Reason Egg Prices Got So High. It’s Happened Before. - Slate,https://news.google.com/rss/articles/CBMiiwFBVV95cUxOTUVWZHVVMDRlbU9ZQW55bXJzRUhHR3BpX3VoRmdEamN6TkRNcDk2ZFRFc2o2N2FFYWdfYlJXX1c2c1V4b084b05ZcGNuV19OMXZxVjFvNF9iSkxQLVZvZi1qbG5MUEdGUGtIQmdZcDZfLWNIQ0dvSnk1V1ZRcFVBNDJ1Y0hWVnBlNzFv?oc=5,google.news,other
2025-04-11,"WTF, Eggs? - Eater",https://news.google.com/rss/articles/CBMiWEFVX3lxTE15YWNwdHVTU0Nkc1N4SUVxRkVVcDB2UXdKX2lIMHpZbVBZVGNJajJQUXdIRFd3N2d2bHVJWE5IUC14c3JudnZ6ZGdUY3ZZRUtHd0RHWndaT2Y?oc=5,google.news,other
2025-04-11,How the Trump Administration’s Economic and Public Health Policies Are Driving Up Egg Prices - Center for American Progress,https://news.google.com/rss/articles/CBMizgFBVV95cUxNUWd5aTdNM09tVm9lck1ZczBmRW9ZMkNNOUxaSFpOWE5GbVZncDhTVVBFMmdjMkV6bktBdi05cC05c0lLRDNSVGkyNFRoeTBEWi1ldFM0OFhuSmpQbXZaN25PeThlS19aQy1fcDA0VWRIa0tZQ05lY3JJc2xVYjNwaGctMDBVQm1lTUhFTkJQYXhJUkhtVTdMU1AtRUdwa3FBUkVqNzRCU3NGUDdkN3NuLUE1SWtaejdXR0p3UzZEQ2NIcHZXMHo0SU8zM0Zwdw?oc=5,google.news,other
2025-04-11,Is the Egg-Themed Gudetama Cafe Worth Visiting? - Eater,https://news.google.com/rss/articles/CBMiaEFVX3lxTE93OWV5Qy10SElqZW1MaUtpNDF5SjJxXzA3Qi11YVgxZl9SMjNTaXk1RmRDTlpIZE9BU2lwSnRlVk5wY0cyWU83al9FX1pkZFlIMzd1VFVObWRvNExEQVdFbWRoLThSbW5T?oc=5,google.news,other
2025-04-08,The egg shortage is coming to Europe - The Spectator,https://news.google.com/rss/articles/CBMie0FVX3lxTE9ZN0NiaFVsZnJOZXY3WUFYbUtjaDZaZW5WOVdld0JHM3ltNlZyV0xKMmZ0VEo1VFhuUTduOWtoSlFULVhPMW5MVDliNDN2b0pkOFo1Z25saU11TnBIZHExTFd0aDJrdk9RZEhfWGJyZml2SWw2Ym1zVDdyMA?oc=5,google.news,supply
2025-04-07,"For Small Farmers, the Egg Shortage Has a Surprising Silver Lining - Eater",https://news.google.com/rss/articles/CBMif0FVX3lxTE5aWkdRc1lBQnd4SnVfY2tVV0lmSFZXZFdpQVNwZEF1SXd5SGR4RmtTUWNaS2JJNkRyQ0ZsSkVyZjJzSEg2eTBXZkxJOXE2NWhwVUd5NklnbHEwaUc2NWs3MWJ2bzhNSUNfMUhGbGpmcGppVlByY24yRXo0Tm8yTFU?oc=5,google.news,supply
2025-04-03,Vital Farms Stock (VITL) Could Hatch Big Gains Despite Falling US Egg Prices - TipRanks,https://news.google.com/rss/articles/CBMiowFBVV95cUxNNWZUay1fVkFFc0NqUlM3MXA2elBVaDNoWkk3YlZFZXJVa2cwRjBLMGpERW83MUtSMzhZbmpYbEUtUnE3SGQ2OXItQUZWNlFSVjBUaG5oUkFDRmNVdTNXWGxKdVJlaWtNa0hrYVgtRm5IWlZJRmJfelktQ0kxb3B0X1VUVVpZLTBCQmFnTndCMGNHQk02Q1RNZUk1ZFR2VWhzWWM4?oc=5,google.news,other
2025-04-03,Exploring Local Implications of Nationwide Egg Shortage - Richmond Review/Sunset Beacon,https://news.google.com/rss/articles/CBMinwFBVV95cUxQbTBWNU1HZFd6cXo3cFl4SExTWE5ISHY3X2dPV2JCWTRQeTJHRmtRSXd3aWRXZEc0SHJOZ0NXWFY5OHM0bWhickVQODRuM2FRUHhST2RPS2gwckdRX1FuTUplRW52Y0taZmhGekNCQWtfd1hsMXpEVjJqTkpnMzZ5bHdSZHFJaWFtXzlreUR2S2RfUEo1VEY3cjJtRFFwTms?oc=5,google.news,supply
2025-03-30,"Like egg prices, demand for chicks is up this year - The Portland Press Herald",https://news.google.com/rss/articles/CBMikwFBVV95cUxQejQtUjZTM2g0RmlsTzRfRTdJaG41azVyYy1KZ0ppcGtyR0NJSzQ0eVFhczBqd1l4VXFueHZqcExXTHYwY0tjOHZ5ekdCaW1QdFlNOXVnOEdsZWtxcFJlT24xS2pqcUNFNzFaTU9vNUxNNGtkdDFtWnpDOXdsbjZKUm9JWjVOTjY3cjBvMzNnY19UVzg?oc=5,google.news,other
2025-03-24,Tennessee poultry experts say egg prices due to remain high - Tennessee Lookout,https://news.google.com/rss/articles/CBMilwFBVV95cUxPU1BVQzlLc05jRmY1UGcxdnJNWGNXZE9lVF9XR2ktZkpud216bHIzWF9PcjVkX29Ycl8yUmN3YmlIUlVJV1ZNZVIxY3VDY3BITERyeEVnbkdJeFkwSldyVHdOWkpJcE9faEl2X1lvTEdQdmY4WE5uOV85UlhMWk5COEg4RUU1c21YdWpOQ0FDUlFDdTJYY29n?oc=5,google.news,other
2025-03-20,US egg shortage: Does Europe have any to spare? - DW.com,https://news.google.com/rss/articles/CBMihAFBVV95cUxOY3ZEVExFWGV3V1VwUkxndkZaemx6dmlpS211enhsNmhud0RvQUF1d2xOQ2d6YUJmbG1yUHJqUnczOEp1bFlpWjFVTXUyT2Z6S0pLbHJ6TXUzeHBNWGk2NzI4OVlrZ2dzTE1EcVEtTHJpTnlLTzBiUHBkc21pUEowaEw3VkfSAYQBQVVfeXFMUHNmUkdFal9qMk1sbGpDczVLSFlWcVlTbFZySUpvSFhvZmx6ckxsS2w0N0JoNFBzcEh3SGxNaGQ5VXdmZENTVDlibUlGSm0yOWk5VUtjZnA2aktnRnRRVmFMWkZ0dzhxVTlCNXExWHRnakZoN1h6M2dvcDlwNjhNcXZZRkVI?oc=5,google.news,supply
2025-03-19,VITL Forecast — Price Prediction for 2026. Should I Buy VITL? - Intellectia AI,https://news.google.com/rss/articles/CBMiVEFVX3lxTE1OdEVoNlBXOVZDWWpRejQyb3NfZm9DYTNZTlg2dGRvVGFtN0t6S1J0YzlnUGYyZnFUUGt0bnBnNGR2UmpUelpOTzhmZG5sbGRXT3BjTg?oc=5,google.news,other
2025-03-18,This is why Canada has plenty of eggs — and the U.S. doesn't - NPR,https://news.google.com/rss/articles/CBMijAFBVV95cUxNSHdvLVVFMVFLLVNuNzJvQUVxUjlDc2RrZUZFc2RSZ3NOYk5jVXZMdUFsQlBiQUlvOHotMVgxTjJ2Mlczc00yM1Z1ck1Nai1xc0hEUGhIOHk5c1Z6YllKbEgzOTFqcXBQRjNhM2t0RmZqdHZCVFRtS2hGcXhCaFdBaTNfb196b2VvQVRjTw?oc=5,google.news,other
2025-03-14,Hunting for eggs in The City? Try Chinatown - San Francisco Examiner,https://news.google.com/rss/articles/CBMi4gFBVV95cUxNWHFCX2lrMlhsQmd6QXkxZFM4blYyTWNZWXlUWW5hQk4zbExubWZNZGdGUjJXZWw1WlV5eWdYQk5tYVpuTGhRb2ExaGhTTmQtc1JvZmszUW82MFgwVFdtWjlvZ1hSTW4zMjNUVVY4YlgzaXEyZ2QtZFBfWTVSUllodjlITGpuTjhfYnFEM0c4U0s4S05sZWJxdFNUbV9ULWF5MFlPQjFTZWV1US1pY2VWd3VaNnpMVDJscm1UWDRxbGc5WWZYZVdEa2NGTi10Qko5VExpaEtXTDhYZVpHQlZ4S09n?oc=5,google.news,other
2025-03-12,"Egg Prices Are Still Surging, Hitting Consumers’ Wallets (Published 2025) - The New York Times",https://news.google.com/rss/articles/CBMieEFVX3lxTE5CbUpZbmZrQkZCYm11RVlDWmgxYW5xbHViVkF4TnpnY3RTLXVLYXFlZ0Vzd296Sm1jYmtGdEhxaFlfc0hWQXNuSXJEbmk4WVVsTUVNdUlCZUZXbFI5NWg1dElKSGJybDc2VnliRXJzOEZ0cHptQ010MQ?oc=5,google.news,other
2025-03-10,There’s Not a Vegan Egg Shortage - PETA,https://news.google.com/rss/articles/CBMiZkFVX3lxTFBla1JsT1BheElMbnA3UVM0Q3gxczhXS1JxckdERXVPNzc4MFcwSXRJLUdkbG1OcHRZd0Q0TGx2UUhsaUxtSU16TldSREpwRFBIWW5LZjV4b19wdHpMVDlGa1lEX1FFQQ?oc=5,google.news,supply
2025-03-06,"As the Egg Shortage Continues, What Should We Eat Instead? - Blue Shield of California | News Center",https://news.google.com/rss/articles/CBMingFBVV95cUxQcTNubGMwYkhYRXFTa05yNEs5ekd5dTB2Yk95SnFmcFhJczNaWTdLTU9pN0RIRFJSdmd3T0EyZk55Z2ZDMzh1TkhNM0FFdFBTejBNNXl0R0dvNmRIRDdvVzV4MDdWOWplN09BVVBVVm16cDlXeXk5b1pfQU9RR05DMUVMcDJ4ZFVTN1g5RDJnTmtSSXVETkJXVmtxNGtVQQ?oc=5,google.news,supply
2025-03-04,Why are eggs so expensive in Washington right now? - Cascade PBS,https://news.google.com/rss/articles/CBMikAFBVV95cUxQMHRqUkhkTk8xMHJIX2gySlRsOXd6U1NnMzktdE9pYkZhS0l6VEhRZzU2ZlBhbXk3NDRhMkV6NC1rdkFocXdsWE40R285dmxfUUZ0SlpLY3JMY1ZiNl9IeVdZOEQxNU5MNTBwaElrSFM3bjJUSnNreFprNUxHRE9zSFBQNTkyVlktV1VYYVJMZTQ?oc=5,google.news,other
2025-03-03,Nationwide egg shortage has shoppers turning to Facebook Marketplace - Fox Business,https://news.google.com/rss/articles/CBMipgFBVV95cUxNY1owYUwzWEcxTUsxdU9XdWlyM1NPN3NqYzZqWU1JdWc4bFdNVFJVbVVzeDdpU0ZPMnluZVQxdnlXZTJZeUJWSWp3d2QyNkptN2pCSGdXbnlJbkZfMkxYQXRsRXNiblQxcElhQmpqU3lfaDgxd2xQU2doQk1LOEZ6Yy12d1A2OHQ4dGpfazU4anJaODN2dFpRSk1zaUFaY1B2YU01QlNR0gGrAUFVX3lxTE9CREc0QmlmLTdrVmNMZmF6QVFKRDZZYWFILUdXbFg4OWJRaC1iODRaS3hnYW5oclMyaTExZnpWXzRpeWhnZmFuamo0N2ZldjE4RGo1UjNQY096Unl6R2JVZkNoY1hhOS1Gc0JVcWhqMzA4T1M3Y0FxRmQzLVVDWUthajQzS1NkUUFMYjRyZEtVSExmOGhnUGk3cFo2X3kyTGtnUjg2UDlianVoNA?oc=5,google.news,supply
2025-02-28,"If there's an egg shortage, why isn't there a chicken shortage? A Massachusetts farmer explains. - CBS News",https://news.google.com/rss/articles/CBMijAFBVV95cUxOSXFGaFloVlk5aHE1Ym10NnkxSlFST0I1aVZ3Q3dGVzJBOFJsd2NpNFNZbzRnYmdLWlpab2J2UWtELVRSMHFVT0puZ0RoVng3akplQW0yc1I1ZEpEcV8tREVXUkZWM0stM29ud3FBMEdwM0JXZnVQTWtFTEgya3dtbC1mX2p1QTY1MDlGSg?oc=5,google.news,supply
2025-02-24,"For Savvy New Yorkers, It’s All About Cheap Eggs and Where to Find Them (Published 2025) - The New York Times",https://news.google.com/rss/articles/CBMiigFBVV95cUxOazFEYXloSnhMeFVhOU9tSUl3LTlDMVkxMHBkX2oxVG8wUGtiQU5TM0U5MUlLU1J1XzZFcDVxMUhrU19ER29wWTQ4Ums1Z1ZPY2g3WFdXbHdQdE9teUZqUWliMVpWZjJRSTBLUk9RcmNZQy1GZFJDMnhPZkxabWVMV0hpZllUWWt2d2c?oc=5,google.news,other
2025-02-24,Americans take to raising their own chickens amid nationwide egg shortage - Fox Business,https://news.google.com/rss/articles/CBMipAFBVV95cUxOODZxZFM3eG11cDlDaEcyM1E2R0pTVHJ1UFJvVi1wZjdkS2RXN1VSb01wek5POTlRN3lZOU9FUTVoVkRRbEIzN2FIblprTW8xVEVUalFBVjU5R2N1YjlmdlNCNHllc3FWbFc5aEZETTlIZzc5czhUWVlrQVNNR2hJMHZwektkZDRkbWxEWkQyblhWeHpQWHpuNGZZNEFoU29CWTdUVdIBqgFBVV95cUxPLTByRmdVUm1yN203RDVEcFNiWFc3dUZjSTU1alpDUG5EcEg3V0hiZm9wWXJyTmduRzVSX3g3YkVGMHdudS1HVlotVW5mRzNWMm1PUktrUHVINlVhUUNoOFpBaUs3bFhaYkhVN3lfUkhYdjJYcUlXUXR6RFg0UUhGLTdaM0ZEN0hKZnNGMWc2Vno4a0haTXF3b1I1ZDF0UGR3eUxyUVo5X0ZjQQ?oc=5,google.news,supply
2025-02-24,Egg shortage affects Virginia food pantries - NBC4 Washington,https://news.google.com/rss/articles/CBMimAFBVV95cUxPdUhIREJtWWpKc1lGRjZNQnRoc1RweWxMSTBGMlg1SWFjQVo3NFBJZE1yNG44QUlzYW92WENnY0dMU2VMOVFZN3Y0bWhPenpmV09GVU9maTZIWEpEc004QzhueFdHZ0dZNUdKTW1NYzFDbzQwSlV3SFpJT0FRVkxmc2hXZDhQYzJja0lLV3RwVkl6QmtIREU3Y9IBoAFBVV95cUxOaEdJTnE5YjUwa2NmODZlekZ4VFlYU3JuWlVVVXhnTWltdHZ3bU1GT2FKN2w2c2p1M2IyMEMwdmx4YkswZFdqSmhwb0FGYURvbnJsclR5X0JlMlVicHgyMGs3UFJVV2d1ZEJvWXRSZUMyQXVDS1BqNUFvN1dtTkh1NmxNUW1hUVNpZ1hXTGJiSXBXZTNWN3BqcDJhRXV3WEFW?oc=5,google.news,supply
2025-02-23,United States Continues To Face Egg Shortage Resulting From Avian Influenza - Liberty University,https://news.google.com/rss/articles/CBMivAFBVV95cUxOakZiZXFtUHlPb3M5SEtpU3phVjBVYU56UF9pVmZTb0x0TFNtc1pHRnY1dG5WangwcWNSMjY0enZrV29oeDdzRkt4Tnc5T2VucC1Nd1diM0dtRGFrc0YtMVJsXzB6c2NPN19waWhkWVh3dVc3bXlBNnhGc1FIVjQwLVkxRHBJQTdQT2V3czNGN2NOMEJpS0hWcEZCc0E0YU56bkFzV05iNzh2ZmdDNXdWREZzY0lKbDlpMkNYQw?oc=5,google.news,supply
2025-02-21,"Opinion | Which Came First, the Chicken Slaughter or the Egg Shortage? - WSJ",https://news.google.com/rss/articles/CBMitwFBVV95cUxPUWZaQm5DdlRDMzFSWFVXTEZUSUVmUklPMWNzaXV2WU16V1dzNC1lRlBQX0RPWmlsSnVxWlN6LU12dTdBak1KMmRyUDZzcWNLUFlIdzV6WmZOZXRJRkV2VHYxcms3UTJHN1lBdTBiYTZSNGlvSENjb2taa3p3b2JMNkM3TXQzTnZRNWkwQzIyT2IyLUVFVFRXTVlnSS1QbzA0X2Z6UC1FdjZCcWNla0JzbWtFSkliZTg?oc=5,google.news,supply
2025-02-20,One state’s desperate new plan to fix its egg shortage - vox.com,https://news.google.com/rss/articles/CBMihwFBVV95cUxQM3dkTldDaWhxVE91elVyMmttQWV1eUdaVGM3OUdqQi1LeUhKR2l2RTk1azdwbjI5cGVhalFrazJpa0VwNWdfSFZId0NPcjJZQThqTlJaRHp2NnMwT2xzaXloRElhaVBacUxBMkZDd3N2bU5ORzRCM2d6cHREeTc4SzZRN1NTNWM?oc=5,google.news,supply
2025-02-19,Why are egg prices expensive? How 2025 bird flu egg shortage hurts average price near you - Pal-Item,https://news.google.com/rss/articles/CBMi7wFBVV95cUxQRkpacTEwc2pGeTBiRHYwVGctREh6QlZEQ1VacXEzS1VHMUlCa2gxRHJnbUFGRlBESW1OUW5Pb0RSNDBIemdyZWRPU095ajYtcVc2aWhoVXltR3ZuX1dkamRCdVB5VzB4Tk5nTzVwUm1sVFc5TGVIMWIzMng0UUJXQW91elhTN2wxTWtrX0VxMUNNdUptLXUyT0laRkktZldPZUxIc0Z1eVdIQzZhTjZaeldNaTYtZVJDNEk4WXBsRVNWb3pDR2s0aVZWSnI2QXFpMlVYNXdOWVNiUEtVeHlkWnR1aUp3Qm0xTEFEaHhSQQ?oc=5,google.news,supply
2025-02-19,Will the Egg Shortage Affect Flu Shots? - MedPage Today,https://news.google.com/rss/articles/CBMib0FVX3lxTE9rUlVDcS1OSW5zSDlIMHBoN2tveUI2NmpjYzUzU1htMVREeDJkNUtybGlrQnBZd0tQTlY1NU9UZW0tc2ZGcHR5RFV1eTVPaVlLcFloNHhZQVpqQ3F0bU01ZDhZd3FxVFVWcDlaR0twMA?oc=5,google.news,supply
2025-02-18,Why are egg prices up? Is there a shortage? What we know on why eggs are so expensive right now - The Courier-Journal,https://news.google.com/rss/articles/CBMi-gFBVV95cUxPVF90OFd0ekJ6MjRTQzRqQ3N3Z1k0a2EydEJkY0VCTG02LUtUUzFxU3FPT3FtTTVDY2RKMXlaeVBXTWxudmxCaHlBVnBoZVFFUmRQZ3JjVGdLZGpXWDVNWDVmd0ZFRGtkcDRBb1A1dmoteElTQUhXU1VQZUNXaFhSZlFVTUh5ZWpWaUh2ZkxXRlN3aXpSVmpNbFM3N0tSejVWTWdvOVJsQS1pZFJpVFVFanE4YlIzbEdRTDdyYVVIVHczdFQxNDUwSk1GNzlmcHhaLWZoWVJDRGdQTnNKblZiN0xwRzBCamgzUkplT1J5dWlxSkZ2SG5uUlN3?oc=5,google.news,supply
2025-02-18,"Surging egg prices prompt new shopping habits, menu changes in Seattle area - KING5.com",https://news.google.com/rss/articles/CBMisgFBVV95cUxNSDluTHdNQXRGRDBORWl5Mm5odno2RHVQcDFyZWNkbVF4ckt1d0dUWkNYVGZCNDFFN2cyRGEtRHNwWmFpZTdaOUpVMUhkQldBUHNBWTNLTkNFYWhaMjVwakh4ZTJOUHJKeXlZYjFIWjMwdDFDbWowcVBlVVJWNnFUcmRrb0lrNnQ2Q1NXMUQ0Z29nWXd2UXZmejEzeXNubVpHQldyWEk0Q2J0N25LTEVSeDRR?oc=5,google.news,other
2025-02-17,Egg shortage keeps backyard chicken owners busy in Georgia - WRDW,https://news.google.com/rss/articles/CBMikgFBVV95cUxNMDJTSUJrQmpsT2pwRFBLMzdqd1k2RUhoNS1uaDhuVFpxQWRSMDNDMGZUV2x3Nk1VZjRVdEtxbjk1RkJEXzBkZ3lOQWp4V09OaWxWWnNCQUdROXpkLTUyRGZmY2NLVDI4Snlhc0ZtbEZtQWludE9hT0FnRXNJaGlGU3RxOFNYYnhObWVBY3ZDTkZJUQ?oc=5,google.news,supply
2025-02-16,"During commercial egg shortage, some turn to local producers, others consider raising their own - Savannah Morning News",https://news.google.com/rss/articles/CBMi1AFBVV95cUxNbGlBWVNsRjFMUnBwMDRPY1A5M1kyREI2TjRwQkZ3enVWWnZUWjFxRldyLTIxejFKT0l3bDV3R09sTnBXRGxhVVVtVjNTLXgyOXZ2bV9Ia1pxQXVQYVQyb0hlYTVvYUw1ZG5ZTWFadEdITTZRRzFrT0NqOGlIN3VtMEZnSktGSzBvbW5JNFE0azVSQXVUVzlOUXRYVHFYbTB0YU9jOWozVGROb0YySUExTmoxZF9nNmprSkhOSkNvR2hXUUx2Q3JfdV9xZHFwalFXeXVVSQ?oc=5,google.news,supply
2025-02-16,Egg shortage hits consumers hard - The FAMUAN,https://news.google.com/rss/articles/CBMiggFBVV95cUxOd0VoMHpzSlhxNGlnMERheEFoT05LSlkyMUFFUWpDYTUxT3p6T3R5YjRGV19pZ1R4MXV5RFEyU0MtalB3ZWVGcUdva2pPU0Y2d1cxTnhXdFg3dWdWbHl5eUNaWlZmMHpSLVJ2M3A5M1BsYldDbElqeFJJVFdtQlh3elpn?oc=5,google.news,supply
2025-02-14,Egg shortage 2025: Why prices are rising and best alternatives - Motherly,https://news.google.com/rss/articles/CBMiZ0FVX3lxTE1VMlVzc2ZxeW9PUmJhakNDZXh3ZTNFMExITmNNWjFrNkVmcVF5QW1jZ2lObXBrMjNETG5Hd1BtbEhLTmVLUmJjbDZlTFpPaGJpT291Q251cDdVQ0hQTFVCc3NCcW93a2M?oc=5,google.news,supply
2025-02-13,California is at the center of the country’s egg mess. Here’s why and what’s coming - Los Angeles Times,https://news.google.com/rss/articles/CBMiigFBVV95cUxPSGlvLTdMZWlFZG1uOHAtZ3NEOG5HSEQyNFZnanowbkxHMFR6UmhCWXdpb2ZCT1VIc091a2xyZmlwMnItQk1OS0VmVW9OLWNpU1Y4dTljT3RvTm4wRUVCMGdHMjdfTENqLUYzUWREaXFUOHNRcmFuaW95bEhkbC1SbUUxVWhJMFk0Rnc?oc=5,google.news,other
2025-02-13,High prices and low supply: Egg shortage ruffles feathers in Anchorage - Alaska Public Media,https://news.google.com/rss/articles/CBMi0wFBVV95cUxPanJCU3VoUUZBUzE1V3paanlTbzdUQ2p6WTZZOUs2dzIxZUltbE5fOExUeXJQNk1GZHV5LUw1UjZhLXdkVGVsa2ZWZkpFbEJRanlZXzBFZjhXOURmZ2hEc1dCTkRtbU9kUGV1RkhqZXJSeHNqWjJGTTJvd2FQR0pZWEYzNURWWlA5bDNyODEwbHlMa1M4RjczTDZOUGVZa0hSTDhGWVpFc2tMQng1ellZQjFIS0Yxa0ZTbEZLRGtkRFVzSEhUWEY5TU5OMHhzZ1cxTm1V?oc=5,google.news,supply
2025-02-12,"Egg shortage: Trader Joe's, Costco limit number can buy. What to know - Lohud",https://news.google.com/rss/articles/CBMi0AFBVV95cUxQUzVyUGJGeHRMSVFPeVQyY0U3WlpndjlYaUVicS1qd0pMN2N5UGdTYlZFd3N4ZUttY0FrVm1wa09WV2d5S3VxWXhTYlNLbEs2Yko5TzhXM3JURGMtbm5hbF8yTHFzOXRLZXNTVHVlNWZ5Y0t1S2thWXFWekx0ZmM0WUFQUTNINmRsbHpGb3pIRVFlaHZfMjRRRU04SFNHbVZwcG9PMHhJdWJtM2gzSnZoWlpsRkp6aVZkUGFUejlrM3VnZm9rRlRUSzB3czBsLXRD?oc=5,google.news,supply
2025-02-11,Scenes From an American Egg Shortage - Eater,https://news.google.com/rss/articles/CBMiogFBVV95cUxOQVV6MTNlOXhqNm43bzBMMFY2LVlaM05DOG5EUGVHQWlVX3I0eE1ITzZkYkhpQnV6b3ZzQ2pOMGl2ZUY0QVlYQzVnTFdsMEpnZDBiaFBlX1JHWWp1eVRZMDliak80YmZ5anlXU3NXMzRBYWNwR2p4TE1aTk5MTVJZenU0aUxFWE5vckp2eG1XSkM3UVVDbWJJMHBoeUtSZVd3RHc?oc=5,google.news,supply
2025-02-10,Map Shows Where Most Chickens Have Been Killed Amid Egg Shortage - Newsweek,https://news.google.com/rss/articles/CBMic0FVX3lxTFB0V0RScmpiMlFEc3U4WDNZRGRqaVN0VkcwT1BZdGNhTHJUQ2Jrb0ZUR2pKU2g4NG91TDNyb1RDdzFySDc3em4zQ1NIeU81U3JlVW1MbXVxVUFoV2d4cC1sUWxyVTF4dWlJS29SbFlyQ0tPVWc?oc=5,google.news,supply
2025-02-10,North Texans scrambling as egg shortage worsens due to bird flu outbreak - CBS News,https://news.google.com/rss/articles/CBMilAFBVV95cUxPX085UjdaVjdMOUhNUThxSHdXZXVLbkpKRmlBTmdnMTlQbGxMWW1mOTBYbWNEM1k4aXpxYUhZSjNXQm03VlZZZ0N6Q21WcWhTWDNkUkoxSmw4M3h5NGJSajRfRUJXcnhXX1BNN0MzeXV5M3g2M3VKTzFmel9zcnN4S0RjUlI5SUw4bk5CTTh6bXpXeUho?oc=5,google.news,supply
2025-02-07,Hawaiʻi egg shortage leaves small farmers to fill the cracks - Hawaii Public Radio,https://news.google.com/rss/articles/CBMitgFBVV95cUxNS0dXamZZNUlRUU1EVzFWR2NuUGRFaWZWdVJNVElla1BPdjFNV3pyQ0V1blJnMmg0Zmk1OTRYcDFUblZFRHB5S0dVXy03RjZfMW5OcF9EMnZxTUdLRzlXaHdlLVllYVk5S2lBaktiMjhnYXUzQ1NCVDRHM0RlQ0gzUGtvc281dXlURHBwa0FId2xmU2NNZ0F5LV9jVVV4eTN6R042T25FQ1pFMEZPNVlsWU9SbTZadw?oc=5,google.news,supply
2025-02-07,Here's a Super Bowl riddle: Why are egg prices surging — but not chicken wings? - NPR,https://news.google.com/rss/articles/CBMihwFBVV95cUxObll1RExOcExRTVI0S3pJMFU4ZC11UDBpZGZLeHRzMlg3Ry0xaXl3OUl2SDF6aS16ZllQZG9Lc2d1S2syUTM2N1NLNHg5ektQMjQ3dUpMVWJXRld4bVRjSF9TMjhPZzZqVFVOdVdGWXd1OV9Qdmt3OHR1cEtQNEpJVmlxdThlTDA?oc=5,google.news,other
2025-02-06,Why Are Eggs So Expensive and When Will Prices Come Down? - Newsweek,https://news.google.com/rss/articles/CBMimAFBVV95cUxOemhtY01Ud2JxN2NSdjBWVUxmUGNUa19mMTExWHMtM3JNeEQ5VGl5R25sWGx1X3BtVWVQSVpiNGl2SmFiSF85OFk2OEZ5dFlWX2gyd3EzeHJkeEVzSkVrMU4xT3hJWXVZQnpQVGdXVnlSS3h2OFlWYjUxVnAxN3dIMUtPanJvaDRuaTdzOE5lRHlHRzc4RXNTNw?oc=5,google.news,other
2025-02-06,"Egg shortages lead to bizarre pricing across NYC — organic, cage-free cartons cost less than a dozen regular eggs - New York Post",https://news.google.com/rss/articles/CBMi4AFBVV95cUxQRmk2WEt6V1hTUE5SQ1ZkdVpJVElOTFpnWWY3NmtvWjRvajBaSFFJSVFUa3cxaGFINDhmSW1WRm1sTUh1cmpBekdCUVhFU3lFWlVfLUw1WmFLZ0p3M1gxcnUtREVaNUJhVWs0RlVJeHQtYlhiaUo0R1BQZTBvUVA3QlpreXhPWkstTnRFZEZUNS1KaTZTcnBhWkdJdFFCM0lXenU2SzJjNFlLRzFLZVAzWVo2VnVZRlNWWDhtUGl4T0djZkdfTURBa0lNTXNhdHBiUHNENzZ4LWN5SGwxNHJtcg?oc=5,google.news,supply
2025-02-04,Bird flu and the egg shortage: Epidemiologist shares what you should know to stay healthy - Florida International University,https://news.google.com/rss/articles/CBMitAFBVV95cUxNeDlZazl0NndLakVid281bTVtM3R1dm1ySEduWEx4Zi1nSm8wck1UN01RY0xOR2VlYUZ2N3doU0kyQ3hpRF82amMzZFo1MU1qd19qaWJsb1MtOWhHQm85UkpHUVBaVEJvVG9zSm40WTdiRGNEdUhpU1dSSTFmTHhTdFVPdlpNSEN6SHFvMHpyUEdDVk1PTW9hajlUMlZRTDFIdmF0LUFQbGd6ZGd0QW56LWZOYmc?oc=5,google.news,supply
2025-02-04,Are consumers stockpiling eggs when they can find them? What to know about egg shortage - Visalia Times-Delta,https://news.google.com/rss/articles/CBMizgFBVV95cUxOUkZ2T3FGSTNHWHRpWEpZdV9TWFNTQmJBbmhNUWNhYmhjR1RMc1RlNGN4c0lEbDZpQmdJQXJmYnhTS3lDa0VmV0k0Q1ZVUkZQR1FvcFVJX21zYnNfUnBDN3RxY1dsSmxwOVFCdHgxMFpZbGhraWl2SzJzREk5dm5DcGFjTVRVcGRIZ3NYQ1ZuWHdPcmJkQ3poT2Q0TGIwTVZXd3VyWEVKd2JqRGlweENEUmlIY0JNZG10c1JTc0JNNzRqTUhvMi1HWUJpMkdQZw?oc=5,google.news,supply
2025-02-04,Waffle House adds 50-cent surcharge due to egg shortage - Restaurant Dive,https://news.google.com/rss/articles/CBMiowFBVV95cUxNZ0RncDZlQ0psN3BrVEN6LXFpOEJ3cy1mQlVFVE9xY082bmJ0NlQ4NWVkOXBDcDlzQmZld2h4SmNIejRRVU5BbTVENFgyM0drYWRQQzI0VkE5T1VDbFRGamE3c1lQTkV0MVJIdEhHMEdtQnNscnhXOHg0NXhhV0toNVRYX3F3aFJnTGt4WFpZNVBhTWlQVHY0QWxVQVRBRHhfazcw?oc=5,google.news,supply
2025-02-02,Egg prices have soared as farmers contend with bird flu outbreak - NBC News,https://news.google.com/rss/articles/CBMipwFBVV95cUxQbzdlTjd0RUhuYTRXakxjYXE3TWxWWGhpSVExTV9WaG1wMy1xbk5rLTJoc2p2bDZiWV9SeVZ4ckJTdGo2OUpWR1lnaFNhRHVuT1JmZk9tNThlUUp4S3hyTi1HSTE2MkNpQTU4aENFMkxid3J6NkVxZUtHR0JTc3Vldlh4TnJqVGxNLWQ1S3BfVWFXVnRnVnAyb2JMc1dEc1JyNjk1TlY0UQ?oc=5,google.news,supply
2025-02-01,"Is US egg shortage Biden’s fault, as Trump spokesperson claims? - Al Jazeera",https://news.google.com/rss/articles/CBMipwFBVV95cUxOaFZPVXRkeWcxY003dW5WaUhpX1c2eFQ4V0ZzYTBuV0FZOXhYcDVwUjRRdUUtV3cwMmZiQ3hXUm5oZ1BDNC1nUHVwNjNVRmhaLTRhQ2x4ZTY3eXZpelNRa1RaelBHT0dSTUdPRVcwSjRZX0RYVmFLUl9VRFhLQmJaQjdGVkQydEhoZFdGaGlERllaWEZfZ3NfeVQwd2dFSUM1NmxhNTNyRdIBrAFBVV95cUxPb2RIMjFDNnczdldHY0hOMHhMVE9MUUFmSnhDMjN5b0VMbEV3ZnMtSFBIdGhiekdMWUdWejZDUzdRT1lMRG9DRTRVX0ttdW10dDc0RzdrM3IweGJZRjFENmxjUzlndmwwbWtfYXFyNFdJRGN5SW5JekZJZDJTY2tVQVBySk4wdGdvekVUTVdCbk5kM0hndTBJVnJWTXB1R3c0M0tJQ2VaNGh1RW5m?oc=5,google.news,supply
2025-01-30,Australia’s egg shortage: why are consumers still scrambling six months after the bird flu outbreaks? - The Guardian,https://news.google.com/rss/articles/CBMimAFBVV95cUxQMEhjODZjNG5Kd3huM2lJRXNLYl9OTi15dUVocFVKTWhqYm9NSWY3MEdNVTdlT0o1cFVyRHY1Q1I2SHVIbUYtbzRsQms2TTFnekl5akY4ZWFnWmRLa3FoaUJtWUxqWDN4bnpuTGMxLVNDb09kb2U0VnVvMHJhN0ZUQ1NaRWZNSnZWZEtqYXBrYVYydlhOX0E2Yg?oc=5,google.news,supply
2025-01-30,"Is egg shortage Biden’s fault, as Trump spokesperson said? - PolitiFact",https://news.google.com/rss/articles/CBMiugFBVV95cUxOa0g5NEItV2ZGSnNXZmJTb2ZFVW1oSklqcWdmclRaNC1OZzBtZ2VSMGFCQUQ0M21Lc3N1MmlMWFdoeGZ0b3RCVmRiUjF3VzE3UGRSV09WSmVOckkzWHpnRzZCZWdhUUZvdVM3bzMyWGNEa203WWt1Vmh1TGI4WnZXX2NrTWw4UEZDVERYdGhsandaTU50V0hFWHZSRllDWXhYM1VraG5ScVVmWDVURHphU1VMVmtsN19Oenc?oc=5,google.news,supply
2025-01-29,"North Texas supermarkets and restaurants in scramble mode amid skyrocketing prices, egg shortage - WFAA",https://news.google.com/rss/articles/CBMi_gFBVV95cUxOX2pCSFg1NUJLMkRRUnE2OTF1ZjZjUG82UDJWeV9obDBLQXo2dDJaNzlVMUo2NnZxSGd3RWpLZWoyNHM4UU9raElwQUo3S2RvcFAzWjdkM1E0RFJ2V2I1WnRRVnRYZ3ZfOVd6ajZMMUlIZmtER1d0NFhaVm1XZFd4VEQ4VGxsQTBiREpWWVNQTU9tNEhJZ3ZtaW9qREVWZm1UYkt0cTVEWmdGVllEZ29pTDBNZFJSa1laWlRrTHloN25yOURCMl9aWjRFY1RsQ1ZaU0wwUzc0dFpTMTJsaDk3cWlYUTgyc2FocVZQOUE2OEFLZWN6dzJXdnhXRGRCZw?oc=5,google.news,supply
2025-01-27,"Minnesota grocery stores impacted by egg shortage, higher prices - CBS News",https://news.google.com/rss/articles/CBMihAFBVV95cUxNYk4tbmhBRTV3S212UWhBaTA2and5TjZaWGdxdVhkaDQ2ZnFpaFowNW5GWHNZQ2Y3TzZEUHpyeEIzN2hUWkxFY0tCVy1VUTBxV05zc3VWN1hPUlhSOUdsUVdHWWZjeUtBT21jY3B0ZlJFWE1ENGZfNlZqQ0JJM2ZyaUwxMnI?oc=5,google.news,supply
2025-01-24,Bird flu brought back the egg shortage - Morning Brew,https://news.google.com/rss/articles/CBMijgFBVV95cUxOY1RObmNWWlJ2REVTUlJhdEE2cDFwRVM0WUt3dFFBcTF3YnVvMXRXVVoydVJZbWprWWYyVnVZSGRWY2JnRW9TR0JxOGl6eGl2bHVZTk5JWjNPb09WcmFqTVVKQ1BMa3paRGNnNmYzMWxYTS0zZDhEcXhaSmJiUC1lQnNmR0dnWTMxZWRpTW9R?oc=5,google.news,supply
2025-01-23,"As egg shortage continues, some businesses are starting to crack - marketplace.org",https://news.google.com/rss/articles/CBMirAFBVV95cUxNdU44Um1YeU9fU3VTMElIdDBHS1ZRYlBHekpGekxhOHRVV2FiOHpUdlltQzBEeVU4ekNrcUFqOXRQRG4wMjdfUEJsMm0xdHpNRmt2MU9Kb3JnQWx6YU1IUFlsdzhtU0RGcldPd1NURG9sZHZwREJWUFpXb0Zvb3RTY1BQZmNrSUc4QWFGbmIxcDlYcEQ0TnZDUXBsSk93bWhHdG5iMHdXdF9pdXJG?oc=5,google.news,supply
2025-01-21,"Egg prices 2025: Growing bird flu outbreak causing shortages, higher prices - Axios",https://news.google.com/rss/articles/CBMif0FVX3lxTE9kTDNYdFFVZlhKa3ROSHo3bEI5R0F4Vm9COWdIWU9sOXRqYXFTdzZseGVzWEZ0ZWRvTWZHb0lPS1NGSHdOOWF0WkxFeFlEaXR0S0RDWGJwNXFpY0FERVN0WTRjWWZWTFBtZksweDdlbEd6NHlzbjJsUS1rNkdkVUU?oc=5,google.news,supply
2025-01-19,Northern SLO County farmers weigh in on national egg shortage - KSBY News,https://news.google.com/rss/articles/CBMilwFBVV95cUxPZ3hEbVhpVUJWX3lmc1pKenZSekFzRnl2c0hXZU5fVUlmMjZhemZVczhvR0ExS2xSc2FDOUlQR1N5Zy1GS2lxLWt2NnJZcmNjVWJQQ2JZX09LQU80aHVWLTFqczZ1eW1BV3c1MFZQRmVYSDBRczBSZFBfVUFxYVJKN0c1SnJ4NWxMMjVpdWNsMTQ2akJ3N0pJ?oc=5,google.news,supply
2025-01-15,"Why are eggs so expensive? Whatcom farmers weigh in on bird flu outbreak, U.S. shortage - Bellingham Herald",https://news.google.com/rss/articles/CBMic0FVX3lxTFAyZjFOYnVpa0xCdE5vOE1mbGdpdnZaamR2b0FVM2stT1g5QjBJa0JrVW5BaDV5UVlyb2tzbFEwRXBfb2tPb0xMR3JHNWp2bEhiNEwzOTh5TTlYbEg2bmJLUzZJT2t2OHFOeUJ5cXc0ZkhhZmfSAXNBVV95cUxOMjhqcUVUbWFjb0g0cVE2YURBQzdvZWY2dDZieW40S3JaaWwzZ2ZUdDNjUHFIb2huX1lXQzZsdEpvOHNNcUxLZlF1UXZHYXRyRTBjUzNQREpjTlE5SlBzbkIxYnpraTJ6SjRjYzBwek1KeEk4?oc=5,google.news,supply
2025-01-08,Bird Flu Has Been Found In All 50 States—Health Experts Recommend Taking These Safety Precautions - Delish,https://news.google.com/rss/articles/CBMihAFBVV95cUxOS0dsb1FENDR6TjY5dDI1ejdPbng2bzRKTERHaVVNamFxbHlKUWN3eWxNYmVlQUtjOXRrVVg3Rjh3aDY5V3dwazV4OFVGbHM3QkowNzU1bUUwRDRVTEpEaks0SzEyR2VmUkRmZEJCNFN3ZEwyTkVLZFJwOXpBYlQwRlpJNkY?oc=5,google.news,supply
2025-01-08,"Bird flu-induced egg shortage affecting local shoppers, businesses - KDRV",https://news.google.com/rss/articles/CBMi6AFBVV95cUxNb2ZUWDh1Vl84NmREWDJQSTVRVXNUb0ZQVzB4WUd5SW9KcFg4cEVDNjVPbE9zTTk2bUZReEVZaGp1NnBrRlQ1dlZuZnJqOXYybjRrWGVYM3FWcmJJSXBqSmlvWXg2cjBpSVo1LTJiOWltWU10d2VqMTg2UVJWZ2JwVGMzWktIdjdhakFIWkg0WlNXVDlZZlUtT2Y1eUhndTJZLWZsQWo4UTJpcVlETHFwRDR4ZHY2NElHVGpiVEFDY1phUjNiV1E5eERjQUlWeG5xSnJ5Z3VwZ2M4ZU5FUGJGTzJHMF85SnhV?oc=5,google.news,supply
2025-01-06,"The Egg Shortage, Explained—Why Are Eggs So Expensive? - Forbes",https://news.google.com/rss/articles/CBMisgFBVV95cUxNa2cwTDEtU21pV1V4NUxnazBhQ1BSSjV0YkRoUERoZzhvVF9jeDVENGRwZ1lkRW1maG1fbnFjMjJDS3U0LU1BWG1qUDZIQ1Y0eTdhYmxsVnJFeUt1YUw1cDVtWm1ZNlBzeldZSk91a21tTmwzbndndFFqSU9iYUU4RjYyLTk4dno0R3pzdXFTaXRSZFlOejl4dWdLcFRGMGZaal9iR0FpcFdPbjhnVUVNdmx3?oc=5,google.news,supply
2025-01-06,'It's f—king killing me': Skyrocketing egg prices devastate Calif. restaurants - SFGATE,https://news.google.com/rss/articles/CBMijAFBVV95cUxQaktjcUJfS3RyZmhOOVZ0aE1OVWpMRUhVOTJ4WjZXYVRSQnUxcVoxU3ZUQzRISldUcnRvcUFxQjNyX0F6VDFuMW95aV96T0FIYko4S0hIdnV5aHNUUWhhS2xjbEM0ZklyWmZfMk5lTks2VWFzbFFrX0NGZVV6RTd4ZkYxdnBiM25NWk1nUA?oc=5,google.news,other
2025-01-02,"'Eggs are costing more than meat:' Bird flu depletes egg supply, sends prices skyward - Ventura County Star",https://news.google.com/rss/articles/CBMiywFBVV95cUxQblp6eXJ4V0FZaXlscjBqdjBLWENyMTZnMllwYmZDMHIzWW5QVktFWVo4aFRLbkk3ODdJR2pzYzJhQXM5V1NhZUJTd0NQRW1iU1dMUDJ4UTh0MTZKWUJUall3UnlmeXlSeklqd2J1M01Gc00zQzVDT19ZRzJxY3d5aDliNVh6Uk8yd2h6OVNkZ0Y2T0REMVUwWlFxeU9vQkRWRlNzUFhLNVZjUTQzTHE1UGxjSkdxUE5HcGxYQnYxZXRKZHZKaEVXcURtZw?oc=5,google.news,supply
2024-12-26,Bay Area's egg shortage isn't going to get better anytime soon - SFGATE,https://news.google.com/rss/articles/CBMijgFBVV95cUxPblFfNUttczVPV1g1RFBYQ05BT3BmQkVPZzdSRHV5MmpWYjRSR2Q1cEZqQjcyRFhnSFlQaG1ISWhDWGJMb1E2VWxzYS1uWW1fTnN0NXFaZHB1ZjBWaTFvTlJkWHJNOGx4WEp2S0dxSENvdFVrMDlvZlp0c0NyZzEzdThKMlZnUERmQ0Eya09R?oc=5,google.news,supply
2024-12-23,"Egg shortage expected to ease in 2025, USDA says - TribLIVE.com",https://news.google.com/rss/articles/CBMiVkFVX3lxTE01RE1ySC1TVEhFaUJWcFc4cjB2VHFSZ3NuOHN1WjdzNFhBNVl1bEcyaEx5UWJnZWd2Qm1ZN21OR0xPUEQ3YzJ5Q1VkVnRpQ3J1NGtUa0FB?oc=5,google.news,supply
2024-12-18,"Egg shortage creates ripple effect across the U.S., impacting consumers and restaurants - ABC10",https://news.google.com/rss/articles/CBMi3AFBVV95cUxPbGtHMjYzZ1dMaHloTmRRQ21BcjZxTm9MQnltZ2VuMTVzODl3WTRXRmtHN2lLRVM1WVh6YmhIZXl1S2JVSG5MeGotMWFFTE5YNmw5VDZjZGgtRmRRU0xjdnpQbTBoX1ZYOWdIY3Nwa2R2TnkxZEJxZk55MFF0T3BteDNYV1BSZHhkbHFWSWNxLXBvb0VFbVhTeFNKN2lUT2syd3FSV28yN1BFY3BOYXl2TVo0eDZHUF92aFNjb3h3WGRKb2xWUWFGbkE1b29QWDRhZVVLOEJzQXEyWmpf?oc=5,google.news,supply
2024-12-13,Bay Area grocery stores limit egg purchases amid shortage - SFGATE,https://news.google.com/rss/articles/CBMilwFBVV95cUxQSFlqaWJuZ0J3VVdTb2dDZkxEVFREX3V1dG9lMnVhQkRIMkZ5VzdyZ1MxN1NULWVKVDE3dlV3akVST3ZjUjBZNE1pVzM0UXVMdHZ1Mi10RDZadTdmV243ZW1SQ0JFbFFjQ2NTcGdOZGVqdFpwXzd2Mmg5dm1BY0tfNVBEdDd6ckNQZGwyUno0X0tLX3JaQjhJ?oc=5,google.news,supply
2024-12-10,Egg shortage: A closer look at why shelves are empty and rising prices - NBC Bay Area,https://news.google.com/rss/articles/CBMif0FVX3lxTFBvVmU0X2J6WTNkRGJIUEJYcE5sdTI4U291Z21xVnM0YXdmSXNCcXZBenlWOWtjTlFOVjA4eHhuQnhSRHZDTkM2NFVHSHgyUF9jRzNueWJtS1V3TGdFMkFtWmtycEwwU1BDUHdHbktPU0hXNDhEUUhJUzZfVzFWV3PSAYcBQVVfeXFMUFNUampOQTZ4U1FfR0ZLcnhhUkVBNThHRmpZVm00aXh3OGRwZFY5SkZ3cFpYbnBnM1lKd0MydWFYbGg2czFLbGpiZnEzN2hfdmFDSnpkbTZKbm9LSzJNbTlzTkdvaUtqWURVS3ZQMjZmMTkweEJGU2dVT19VTnh5aVVybHB5V2tz?oc=5,google.news,supply
2024-12-02,"Costco Is Recalling 10,800 Units of Its Kirkland Signature Pasture-Raised Eggs Over Salmonella Concerns - Food & Wine",https://news.google.com/rss/articles/CBMikgFBVV95cUxOT2tYUEZGOVZ3aktKVmxUd0VmekRtUkZTazJXSVE3Y0FRenRGUnVwNjBrSTMxcE00TjFkbU1CUFU0cnh5c0d2TzRhSzBsZl8tcWk1LWJBOXN5TFQ1QjEwX0cxc1Izc0FrOXlIVHNCNTZKTUlUWTdxbk1HNVBxNFIxNS1ETS1fdmhjTDh0d2t5cktKQQ?oc=5,google.news,health
2024-11-27,What's Going On With The Egg Shortage Across The Country? - Delish,https://news.google.com/rss/articles/CBMieEFVX3lxTE84YzlrM0lXZVRpZEdnRVJDUk13MHFBRkJ5djlneWpybWZTOVU4QUt1LW5OcVFqNGh4Y1dxQ0RkbWQ5M2g4SUxiYmNfcEJhOXphRTFFdmxSemhVbjNDWDR4ZENtQ1dPbi1UVmJ0QnNscWxzZldTdWJRVA?oc=5,google.news,supply
2024-11-25,Shoppers Are Seeing an Egg Shortage Right Now—Here’s Why - Taste of Home,https://news.google.com/rss/articles/CBMicEFVX3lxTE8yZV8xajZ0NEl4bHdESVFrSVdQMlR0cmhYTzdJS1VLdk9nYUJXeTZaSzRWX3lJdzUyZzdDbjJqOGh4RWNtSzJQSmZTLUVSWlpFZFhCNllSNUZ1ZUItNnp3d0Iyd1FhMnMwMVl0eW1xbGc?oc=5,google.news,supply
2024-11-24,Nationwide egg shortage ahead of Thanksgiving - NBC News,https://news.google.com/rss/articles/CBMiowFBVV95cUxNZUp6RG1SRHJVWF9uOGhtMEpLa1JDYm4yRVpTQ0E4c1RPUzhCQnlSNEZyX2ZacmNmREtMcUZsQTVBU1Rsd3JkQlI4c05Ec1lQOXBKOEx1X1dvc253M3hsNklUMEYzTEJFZGIxclN3X1I2Um1ROHRtR3gtTW1XNWlWckFtRXBOdlljSDN0cy1rZlZHRWN1ZGtmb0hyYkVYU2VWdmRF?oc=5,google.news,supply
2024-08-08,How Nvidia-Beating Egg Producer Plans To Double Revenue By 2027 - Investor's Business Daily,https://news.google.com/rss/articles/CBMif0FVX3lxTFBRd1plcmhiZ0dNcXh1cXh3UDNrYzlPMGkwcVVnMHVNUXVjcXpEYTZISW5RWDMxSkQyZlBVUWNKeEVJamhQSTJqTDdrd0dud1JvNVkwWFYxVjJMVm1fc3VLaUw5Wms1dEUwM3JMR0VtZk1SRlJkX0RGLXUzb1FGdnM?oc=5,google.news,financial
2024-07-03,McDonald's shortens breakfast hours in Australia in response to nationwide egg shortage - CNBC,https://news.google.com/rss/articles/CBMisgFBVV95cUxPMlUzbEJJczhMSm1aNnJHYTB0RFZXbGI1MG4yc3hYX25kSzJCdjBoQjNLeUlLUmt1NkViOXF3WENuSGY4U28zZVBEVUUtSHEtbzFaQU94Qi1pZExYcXdJU2tvdFVRekJBc2doRG03aDZwbmYxODdrMkk4WjY4dHo1Sm9lcUQxQTN1bEtiWk02RmtoYVRoZV9UV3dRaEc1c3B1ZHduS2NLRHBrV055dFlHb2Jn0gG3AUFVX3lxTE1HdFlOaEdzTFlaUHZzMDZaM1RRQkxqTFpTdHJBcUVzVHdXUWtCMVJ2VHF1TXRQbVRKMEJsRFFQLUtXRFV5RUtsQ2ZmQXNKdG9GSHRBNnhvR201bWw2WDhudFFRdkRjLTdEeTNkOXRYM0c4dGd2ZV9tWG1Jc0owVVpvQ0c3cGRFQ18zVTR2ZWZrd015SVZXX3NaUXRnTE1sZlM0cHQzSnVZRmgxeVFZeFQ3eTNTTGhFbw?oc=5,google.news,supply
2024-05-11,Vital Farms (VITL) Stock Forecast and Price Target 2026 $VITL - MarketBeat,https://news.google.com/rss/articles/CBMiZkFVX3lxTFBPTU5oanpPMkFRRUdYLVNwbERmOUlRMzlOZi1YYTdLYW9IYVNYaFlOM3hWYW1tYnNUWV9HYVFCd2RWQVhHNUdFcDJHU3A2ZWVCY3FVY2FMMkhXWVEtV2szcGdKMDczQQ?oc=5,google.news,other
2024-03-16,Navigating the global egg shortage: a comprehensive study of interconnected challenges - medRxiv,https://news.google.com/rss/articles/CBMidEFVX3lxTE5hRlJFWWstRzV3NTFhV3U4dHc0VnJRcFFCSWhkakpFcU1UOWNzT1lWakppRWVyZ3MwdHRyYk91WFpiaGVkbjFaeXlVaW1QMnlFeTlfckhqNW81dGRrZmVsZHV5RU1rVWoyaHlOelFuM2R1MGtD?oc=5,google.news,supply
2023-11-16,"Egg and poultry meat supply is steadily increasing after bird flu outbreak, says agriculture department - The Mail & Guardian",https://news.google.com/rss/articles/CBMi0gFBVV95cUxQTXd6S0ZReXRYZ01mbzNwbkpwSVhTUWM3Qy01LVhlRDQ3QXpQektJQUg0empzVmdUYWY5SUN4eS1CZGVydUc3YVJWTkVKTm5VVDZUZ2g2VXY3TWRIelhtM0ZhSFV2ZW5wSlBXcjNKSnIxMUVpcFpuQk5UYXh5ekdjTWxkcXpYTnJ3eVRTaWVYSWYzdm14bEppSmpjajJmaUswc3REbVIybXd5X3NlTFFMMW95alB3dEZmR1JNOEhlZGNwclp4aFpMcjVjNk5GTWlYU3c?oc=5,google.news,supply
2023-10-12,Consumers scramble to get eggs as avian flu batters SA's poultry producers - News24,https://news.google.com/rss/articles/CBMivwFBVV95cUxOcTFxU0xUeUkwckNma1h4bEowWV9lX0lCLXhDRkoxLVppU3NBeEg5R3FxUG52ejB0Q2V0RDliSjhIbzJrck16SUItZ2lWNkU3aEVBYTlXMzBJWlRjVnpBLURqZDZ5RVJuZWhCNzNUcEdaX3ZhNTNfLTNQZWZRWmJFWVVkYkpQb0VCTF9nWGdMYkJ0eENKVnFkZDFodVNZbEp2RlVZYjBncjRvc0R1NWNLMlpOUnUxN1VucHR6TGRkWQ?oc=5,google.news,supply
2023-03-13,Waiting in the wings: Why bird flu vaccines are a game-time decision - politico.eu,https://news.google.com/rss/articles/CBMihgFBVV95cUxQQVRDdVNHUTVCQkdQWkZHYU9yMDgtSnVKSldEdnFvcjZva2tEQnlTby1BWlA3dWQwdFdDdlhqVWZBaThibmZUUVpMSFF6cTNlei12aGdqZmFSM0E2MDI4aVNqTV9pVlloLW50RGZHNUhKS1ZwSER2bGQ3TXVDVU9zb2cxeXByQQ?oc=5,google.news,supply
2023-02-05,"Will the egg shortage spell the end for brunch? For the sake of the chickens, I hope so | Emma Beddington - The Guardian",https://news.google.com/rss/articles/CBMi1gFBVV95cUxOU0gxWVh2SzhxdzAxYno3R1RsT1AyZkdoTVlJUFdBSVFUVnZXZzAtY1d2c1lMQU1nYzZnc3ROMlJYVnF2WHdMUEtBcXVJWlAtZEE0c1NJanpkM25kanBXbU4ydFJqcksxcm54VlFrVzdZa0xSQXN6dWczTlpkOUdoT1Qya0FKR0FoSHZoWmJFMVVMUHhMWnplNUkxaE1aMFA2V3l6UkV1WkxPaUwwVHdDc1BIQnpsLXVZcVFxRUtzSUM5STBQcU9jU24wVXJITmRiNFRtTzdn?oc=5,google.news,supply
2023-02-03,When Will the Egg Shortage End? Experts Are Divided - Newsweek,https://news.google.com/rss/articles/CBMihgFBVV95cUxOQWNxREViMjUzek85aWRvemtrS282clhmLURjWm01M1d3WGRodWhlcnJwM0dMRmpjUG10TEhYTTV1dDFlMjlXNVFkd1NveHNIQWJsZmFsX09vajUyZ3JTQjN3c2NRQjNHOEV1Q1BTa0pvWThwWHFac1U3ZmpRLUFnM0FYSTBsUQ?oc=5,google.news,supply
2023-01-31,Egg shortage to worsen: How to prepare as spring approaches - Las Vegas Review-Journal,https://news.google.com/rss/articles/CBMiwAFBVV95cUxOZkhGWGoxMDJmVzh5Y0NxX2Z0QVRNSWFZcXVkM2c0N1BuTkQ0VzgyQ1Mxbk5BVWlGYWtHYjRwWVFlaHpWOVd2bTl0X2Jka0d5UW5YZnhZX3lYdkJ4MTZuWkt1M3AzNFUyQWR1OGFqT0laWHNUbkIzeE94cmFWdkFMNkVETnRsY3VIWlBKRFFGXzduQ0Z1aDdxSk14dVdQbGdFdG5ObEx2eWo5Vmd1OVBBbjN5d2w1RVU0RWVoOE5FYmI?oc=5,google.news,supply
2023-01-27,Avian flu worries go deeper than Alaska’s egg shortage - KTOO,https://news.google.com/rss/articles/CBMijwFBVV95cUxQaVFWNWh1Zmx6VklHSUdVd2llOXlWWjBtaUR1d25mMnA4RXVvU1RsSTlWVjdfY0JiVDJPOUp1bjJZLUJFZHEwM1JUS3BjLXdOV3FoS0REQlB4UU02UDZzWERpT2RYcWRDbTk4a2dPVGRnYlJGdkxqYkd0TUxja28td0c1VGc1endpZlRKai1kQQ?oc=5,google.news,supply
2023-01-18,Portland restaurant is feeling the pressure as egg prices soar - KGW,https://news.google.com/rss/articles/CBMivgFBVV95cUxPSjBfX3dLdHVqZXhuem9pQ3BKRTRfV2xQUjNzTExGSTA0VTF0YlNrODBURlFQSUdGazBKVEUwUkNsTFA5dmFZX3U1NzZvZFFIbkllV0k3dUowc1g0NVVUcHh5MGNlYWI4THNtVjQzMU9mVGNUUTcyNlJKOUpnWWh3MXF1YXAzN0FQNmU1a0dPX1cwMUhlYk03NVIwMU5pc3IwUGg5ZGl4RGZqQXVIMk1iVk1TZjh1XzFCMjdGQWhn?oc=5,google.news,other
2023-01-12,Can You Find Eggs Here or There? Can You Find Them Anywhere? (Published 2023) - The New York Times,https://news.google.com/rss/articles/CBMiakFVX3lxTFBFc1pWVTBkaVFiei14MFRkLXZ1TWkzUlR2RUJBa3dQczhFWVZNejZXeml0SEMwZkRuRVhjMENfd2VqSC01cVFoY1cxbTZhNGdVSHVVT2FUSVNSc3hhaVl1Zkx0VXZFZ2hBVUE?oc=5,google.news,other
2023-01-12,Sparse shelves and high prices: Colorado’s egg shortage is likely driven by avian flu - Colorado Public Radio,https://news.google.com/rss/articles/CBMiiwFBVV95cUxQV0VTZDlKMnBQZlJTejZ5NTM4MFdTOFM3LUFNMDY3VkNTN0c0S3VHZHUzSkVEQ0Uwczd3LXg5c21kdVhjQzdWc1NlaEZVMWw0Z0hnVC1vRjFLZTlGXzUxVHZ1dlZjSWkwWlFMcmtCcDRBR1lRaHNESl9ULXotZ1M4UExlcW9NeHgwaXZZ?oc=5,google.news,supply
2023-01-12,Explaining The 2023 (Not So) Great Egg Shortage - Hobby Farms,https://news.google.com/rss/articles/CBMifkFVX3lxTFBSVGg5eUU5SkNEVWlEU1d2UXNhNlRqbG9BWnN3OGZDOU5yUk81RHpaUGhtck04S2ZhVFh6ZkREcGZIdmpoSzR1Qm1PSWZwRXgtdmdnNm1ZRVRWWVN1VHlwc21fQVJ2QlA2QkYtd20zSEJzdTZSWDVjekh5WUdMQQ?oc=5,google.news,supply
2023-01-10,Egg Prices Are Continuing To Rise—Here's Why The Cost Is More Than Double Across Some Parts Of The Country - Delish,https://news.google.com/rss/articles/CBMiZ0FVX3lxTE1KUTVIeDdWYkV1QjllUzN2UURkWXBMZXZYM1RxVVRfUDU0RUZFelZXSWxDWVVYYjQtaXF6T0FXLXRCSkpWWi1wTHNsVFo0dzhPZ2VBVHdndFBleXMzWWs5bFdLQkpXeGs?oc=5,google.news,other
2023-01-06,A real scramble: Alaska suffers an egg shortage - Anchorage Daily News,https://news.google.com/rss/articles/CBMimwFBVV95cUxOek1VczUwckl4aFBXOHFONEVHMnhNSFAtenl4VGw5QUF1N21WZkY0RUN1OWpJZExTbmVXMGdidTJ4bFduZHA1QmpZWmN5U2FpcWJGcWp5Y3h1NnUwcjJDalptQXQzUjVQd19JRzFCOWRsR2R1Tnprd2VCT1FaSElMcXBWS0J5V2FEOVNIMldLSmI1T0JORlVDYlZsOA?oc=5,google.news,supply
2022-12-31,"Egg shortage hits Roaring Fork Valley; high demand, avian flu are contributing factors - Post Independent",https://news.google.com/rss/articles/CBMivwFBVV95cUxOX2Z4NlVQYnhleVNIaWJJVWhLNG9RcXdYdjFIcXdCU3hBZlVPZ3JYSFdwbjdnaVY3UmdkQ3BrNGRYeUdBcDREYU8xVHVXS0VwcmtCZTBhWWNTWUJ2LVZoZHNpZjk3cERCMlg3eU4wYXlWY20tRDNUVURpVEZRekNoT19UN1k0WmdhZTlaUUlVc3lQZjhkZlN2UkwxRTJJRG9SclJCTC1zN3dRakJZV3NiaDRhLU9HWDZFMGZMWDZjTQ?oc=5,google.news,supply
2022-12-29,"Egg shortage hitting Colorado Springs, growing group creating a buffer against it - KOAA News 5",https://news.google.com/rss/articles/CBMiwgFBVV95cUxNLWRGN0oyUHgwUU14Wnl2WWw3WkdtMjRNUUlqZXczZkVReTRsXzVVbHJrc0dPSThuU3FSS1R1Z0NLMVlfUzNSOVpuOVkxS3M4QW1mYmJaSVF3RGFwU3BlenlyNHkxeHM0ZDgzNTJnU0FYTzZfMUc2RFdtdVVFZHloY041UHJxTXFqMVdkWGhrNEZCWElqM0JWYkVOaWtXd0tTWWNkNHBkLXRRMUd5OWtFUlNQMHpMaEM1RHlPMk5wNmo2QQ?oc=5,google.news,supply
2022-11-30,Egg shortage: a nutritionist on the best egg alternatives - The Conversation,https://news.google.com/rss/articles/CBMilgFBVV95cUxObEtsQVlCYlljZlFXVS1uaWNuNWw3QmtNbG9qNzRaNDRTeUlhMkN4ajB4U2tITjIzbE9WOEhuai0wUUNXbElLek9wUFNhTDVGOE1oa1h1V3NVOUlyOGdaREtUSmJrek5nX2wwM2J6UERqV2dmZkNPeUpKWGRjWjZYemljSFhBN0dBeWNqZ1BESWlSWlhxeFE?oc=5,google.news,supply
2022-03-30,What’s the Deal With the Egg Shortage in St. Cloud? - 98.1 - Minnesota's New Country,https://news.google.com/rss/articles/CBMiigFBVV95cUxNeWltQ01CLVFQSGo3VXBva0w1cFFUZXNCbUhVUE1rVERBRnpoNWY3d0NJSDV5ZDFsamZrM0VSaGJkSU5VVTU0YXB1THU3SkJIM1JiUHFOUEJWOUtabTRySVByOXlxR2J0WmhrcVBoLXhnTk1QWGIwaEtWclFpN1J0OWtFbF9HdGJnTnc?oc=5,google.news,supply
2022-03-21,How to make sustainable choices now free-range eggs are unavailable - The Independent,https://news.google.com/rss/articles/CBMisgFBVV95cUxPWE1uX2p5OExJaC1RSkJTLWZMZGg4ZzhsSVg4YXNsUjNXdnJxTXliY3NlQnN3ZEVKNEVCN0FUcHl1dFczSTRaVHRpTHk2V3VZSUVWY2xKMWhEYmRXaUVqYVFINlV1RFNIVXFNWkxvaFJoLXAxWTVxTkJMSDBJUDVTdEs0dmpEemczakVjamUyY0EtRFFteFZWS0RKMWtCek9RZVZLNGZzSzVwSkxaa09QcUhn?oc=5,google.news,other
